PlayerID,Season,Year,Name,Nickname,Team,PrimaryPosition,SecondaryPosition,Bats,Throws,Age,Height,Weight,OVR,Potential,ContactL,ContactR,PowerL,PowerR,Vision,Discipline,PlateVision,PlatePatience,Bunting,DragBunting,Durability,ClutchHitting,Speed,Stealing,BRAggression,Fielding,Reaction,ArmStrength,ArmAccuracy,Composure,PullPct,CenterPct,OppoPct,GBPct,LDPct,FBPct,SwingPct,HotZone,ColdZone,BattingStance,Quirks,Flaw,NotableTrait,G,PA,AB,R,H,2B,3B,HR,RBI,BB,SO,SB,CS,AVG,OBP,SLG,OPS,WAR,W,L,ERA,WHIP,P_GP,GS,IP,H_Allowed,ER,K_Pitched,BB_Allowed,HR_Allowed,SV,HLD,BS,CG,SHO,PO,A,E,FPCT,DP,Awards,MLBRecord,SeasonNote,TeamWL,TeamRecord
P001,1,2026,Cyris Sullivan,Cream Machine,Red Sox,2B,SS,R,R,21,5'7,145,71,92,88,94,22,18,91,88,93,85,90,88,70,99,65,70,75,84,92,68,80,96,30.0,45.0,25.0,55.0,35.0,10.0,38.0,Low Away/Low Middle,High Inside,Crouched Open,"Bad Ball Hitter,Pressure Cooker,Table Setter,Contact Hitter",Tilt Mode after 2 Ks,Always clutch in ranked,135,566,499,53,144,28,1.0,3,36,61,63,41,9,0.289,0.371,0.367,0.738,3.3,0,0,0.0,0.0,0,0,0.0,0,0,0,0,0,0,0,0,0,0,163,329,19.0,0.98,23.0,Led in stolen basses,,Rookie debut as starting SS; led team with 41 stolen bases.,75-87,Rebuilding year — finished 4th in AL East
P002,1,2026,Shea Harrison,,Red Sox,1B,3B/DH,L,R,22,5'9,215,68,84,55,35,93,65,48,45,50,40,20,15,85,88,22,15,25,50,55,72,50,70,75.0,20.0,5.0,25.0,25.0,50.0,72.0,Middle In Belt-High,Outside/High Heat,Open Wide w/ Leg Kick,"Crowd Pleaser,Dead Red,Bomber,Free Swinger",Empty Stadium Slump,Only tries when watched,162,653,618,59,144,19,1.0,26,73,32,132,5,2,0.233,0.274,0.408,0.682,-1.8,0,0,0.0,0.0,0,0,0.0,0,0,0,0,0,0,0,0,0,0,0,0,0.0,0.0,29.0,Rookie Of The Year,,Rookie of the Year — 26 HR power debut despite low OBP.,75-87,Rebuilding year — finished 4th in AL East
P003,1,2026,Jaedan,The Otaku,Red Sox,RF,,R,R,21,6'2,155,70,80,68,72,70,75,65,60,68,55,40,38,60,35,50,45,80,70,65,88,72,30,50.0,30.0,20.0,30.0,35.0,35.0,60.0,Middle/Middle-Up,Low Away,Tall Upright,"Outlier (arm),Showboat,Glamour Stats",One and Done,Bat flips guaranteed,87,364,341,45,94,12,0.0,21,52,21,46,15,8,0.276,0.32,0.496,0.816,1.0,0,0,0.0,0.0,0,0,0.0,0,0,0,0,0,0,0,0,0,0,196,9,4.0,0.981,9.0,,,Half-season starter — 21 HR and 1.0 WAR in 87 games.,75-87,Rebuilding year — finished 4th in AL East
P004,1,2026,Gui,Acid Chair,Red Sox,C,3B/1B,R,R,22,5'10,195,65,88,75,78,55,62,89,86,91,88,65,40,80,75,55,30,50,90,85,84,88,78,40.0,25.0,35.0,45.0,20.0,35.0,,High Inside FB,Balanced Square,"Pitch Whisperer,Defensive Wizard,Hot Head,Selective Hitter",Anime distractions/3x ejection rate,Knows too much about anime,0,134,539,459,57,126,26,0.0,11,53,77,70,17,7,0.257,0.381,0.403,0.784,5.4,0,0,0.0,0.0,0,0,0.0,0,0,0,0,0,0,0,0,0,0,1240,74,2.0,0.998,22.0,All-Star,,Sub-rep OVR but elite framing earned a stunning 5.4 WAR rookie year.,75-87,Rebuilding year — finished 4th in AL East
P005,1,2026,Carlos,Kevin G,Red Sox,3B,1B/DH,R,R,21,6'3,230,67,81,38,50,75,96,42,38,40,30,15,10,78,60,18,10,15,45,40,78,55,45,65.0,25.0,10.0,20.0,25.0,55.0,78.0,Middle-Middle,Any Corner,Wide Closed No Stride,"Mistake Hitter,Bomber,Stubborn,Hot Head,First Pitch Hitter",Brainrot Focus / 30% first pitch swing,Only good at brainrot Roblox,137,547,507,47,95,14,3.0,22,60,35,139,7,2,0.187,0.247,0.357,0.604,-1.6,0,0,0.0,0.0,0,0,0.0,0,0,0,0,0,0,0,0,0,0,63,173,8.0,0.967,15.0,,,"All-or-nothing rookie year: 22 HR, .187 AVG, 139 K's.",75-87,Rebuilding year — finished 4th in AL East
P006,1,2026,Marcus,Marquis,Red Sox,CF,,R,R,22,5'11,175,64,90,65,70,58,65,75,70,78,75,55,60,75,91,70,65,55,75,72,76,74,93,40.0,40.0,20.0,40.0,40.0,20.0,50.0,Middle-Middle,Familiar Pitchers,Textbook Square,"Cool Customer,Quick Learner,Late Bloomer,Clutch Hitter",Refuses scouting reports,Calm lazy genius,136,589,517,66,139,36,3.0,15,56,62,87,15,5,0.269,0.352,0.437,0.789,4.5,0,0,0.0,0.0,0,0,0.0,0,0,0,0,0,0,0,0,0,0,276,19,4.0,0.987,11.0,,,5-tool rookie year: .269/.352 with strong CF defense.,75-87,Rebuilding year — finished 4th in AL East
P007,1,2026,Ian,,Red Sox,SP,,R,R,21,5'10,165,96,92,65,65,68,68,72,68,70,65,40,30,83,72,78,70,75,60,68,70,68,55,50.0,30.0,20.0,35.0,35.0,30.0,65.0,Middle-Middle,Up and In,Cross-Fire Delivery,"Outlier (velo),Fireballer,Hot Head,Five Tool,Workhorse",Compete Mode Tilt - 1ER drops 12pts,Weirdly good at random things,0,0,0,0,0,0,0.0,0,0,0,0,0,0,0.0,0.0,0.0,0.0,5.1,11,12,3.31,1.26,0,33,184.2,163,68,214,70,14,0,0,0,1,1,14,9,1.0,0.958,0.0,Led in strikeouts,,Ace rookie campaign — led the league in strikeouts (214).,75-87,Rebuilding year — finished 4th in AL East
P008,1,2026,Griffin,,Red Sox,LF,CF,R,R,22,6'1,185,72,86,75,88,70,87,91,60,94,50,40,30,72,65,55,40,30,42,50,75,55,60,55.0,30.0,15.0,25.0,35.0,40.0,65.0,Any Fastball,Any Breaking Ball,Slight Crouch Still,"Outlier (vision),Bomber,One Trick Pony,Lazy,Fastball Hunter",Osu Brain - locks only on FB,Only plays osu,103,420,389,45,100,21,1.0,20,52,28,52,6,0,0.257,0.309,0.47,0.779,-0.4,0,0,0.0,0.0,0,0,0.0,0,0,0,0,0,0,0,0,0,0,200,5,10.0,0.953,18.0,,,Rookie year: 20 HR power but defense dragged WAR down.,75-87,Rebuilding year — finished 4th in AL East
P009,1,2026,Caden,The Enigma,Red Sox,RP,CP,R,R,21,5'11,170,69,83,55,60,45,50,60,50,55,45,30,25,68,65,80,60,90,55,55,75,55,80,,,,,,,40.0,Mystery,Funky Low 3/4,"Ghost,Sprinter,Pressure Cooker,Mystery Man",Disappears 4 games at a time,Nobody knows anything,0,0,0,0,0,0,0,0.0,0,0,0,0,0,0,0.0,0.0,0.0,0.0,2.3,6,13,3.08,1.28,0,0,0.0,0,35,116,38,35,3,25,3,0,0,6,4,0.0,1.0,,,,Rookie middle reliever — 35 saves and 25 holds in setup duty.,75-87,Rebuilding year — finished 4th in AL East
P010,1,2026,Ronin,,Red Sox,2B,CF/LF/RF,L,R,21,5'8,170,66,78,60,35,86,55,50,30,55,20,50,65,70,25,84,78,95,62,60,75,58,15,70.0,25.0,5.0,30.0,30.0,40.0,82.0,Middle-In,Off Plate,Aggressive Open Big Stride,"Speedster,Bomber,Hot Head,Free Swinger,Rally Killer",Reasonless Rage / 25% ejection,Gets really mad no reasoning,137,509,488,43,114,19,,17,38,16,84,27,9,0.234,0.262,0.389,0.651,0.6,0,0,0.0,0.0,0,0,0.0,0,0,0,0,0,0,0,0,0,0,223,340,5.0,0.991,11.0,,,"Rookie year: power-speed combo (17 HR, 27 SB), .234 AVG.",75-87,Rebuilding year — finished 4th in AL East
P011,1,2026,Keaton,My Bigness,Red Sox,1B,3B/DH,R,R,22,6'4,270,73,87,50,68,75,95,60,55,62,50,25,5,88,90,20,8,15,55,58,82,60,75,80.0,18.0,2.0,22.0,28.0,50.0,60.0,Inner Half Belt-High,Outside Corner,Massive Square No Stride,"Bomber,Crowd Pleaser,Trash Talker,Insecure,Pull Hitter",Pull Only - refuses oppo,Best trash talker of all time,101,390,418,48,92,12,0.0,22,53,26,87,3,2,0.236,0.287,0.436,0.723,0.4,0,0,0.0,0.0,0,0,0.0,0,0,0,0,0,0,0,0,0,0,679,91,,0.991,20.0,,,"Rookie year: 22 HR, modest 0.4 WAR in 101 games.",75-87,Rebuilding year — finished 4th in AL East
P001,2,2027,Cyris Sullivan,Cream Machine,Red Sox,2B,SS,R,R,21,5'7,145,90,92,99,91,27,38,99,94,99,94,94,94,76,99,66,70,85,90,97,74,86,96,30.0,45.0,25.0,55.0,35.0,10.0,38.0,Low Away/Low Middle,High Inside,Crouched Open,"Bad Ball Hitter,Pressure Cooker,Table Setter,Contact Hitter",Tilt Mode after 2 Ks,Always clutch in ranked,101,422,358,55,126,31,1.0,5,30,58,46,25,9,0.352,0.449,0.486,0.935,5.1,0,0,0.0,0.0,0,0,0.0,0,0,0,0,0,0,0,0,0,0,111,270,7.0,0.982,19.0,,,Breakout sophomore year — hit .352 in only 101 games.,84-78,First winning season since 2023; missed Wild Card
P002,2,2027,Shea Harrison,,Red Sox,1B,3B/DH,L,R,22,5'9,215,82,84,62,50,64,99,57,49,57,40,25,20,90,93,22,21,31,56,56,78,56,70,75.0,20.0,5.0,25.0,25.0,50.0,72.0,Middle In Belt-High,Outside/High Heat,Open Wide w/ Leg Kick,"Crowd Pleaser,Dead Red,Bomber,Free Swinger",Empty Stadium Slump,Only tries when watched,159,641,602,75,149,12,1.0,37,77,32,129,8,3,0.249,0.292,0.455,0.747,-0.3,0,0,0.0,0.0,0,0,0.0,0,0,0,0,0,0,0,0,0,0,14,1,0.0,1.0,24.0,Silver Slugger 1B,,Bigger power season (37 HR) and first Silver Slugger DH.,84-78,First winning season since 2023; missed Wild Card
P003,2,2027,Jaedan,The Otaku,Red Sox,RF,,R,R,21,6'2,155,80,80,64,70,64,74,72,57,72,55,38,37,59,37,48,46,80,70,65,88,72,30,50.0,30.0,20.0,30.0,35.0,35.0,60.0,Middle/Middle-Up,Low Away,Tall Upright,"Outlier (arm),Showboat,Glamour Stats",One and Done,Bat flips guaranteed,86,338,341,39,75,15,4.0,9,28,24,63,11,2,0.249,0.301,0.403,0.704,-0.2,0,0,0.0,0.0,0,0,0.0,0,0,0,0,0,0,0,0,0,0,168,11,4.0,0.978,7.0,,,"Sophomore slump: power vanished, dropped to just 9 HR.",84-78,First winning season since 2023; missed Wild Card
P004,2,2027,Gui,Acid Chair,Red Sox,C,3B/1B,R,R,22,5'10,195,89,88,73,79,48,60,89,86,89,88,63,37,79,72,53,33,46,87,83,81,86,78,40.0,25.0,35.0,45.0,20.0,35.0,,High Inside FB,Balanced Square,"Pitch Whisperer,Defensive Wizard,Hot Head,Selective Hitter",Anime distractions/3x ejection rate,Knows too much about anime,0,136,520,465,53,135,24,1.0,14,43,50,53,11,5,0.29,0.364,0.437,0.801,5.4,0,0,0.0,0.0,0,0,0.0,0,0,0,0,0,0,0,0,0,0,1313,99,2.0,0.999,17.0,,,Massive ratings jump; .290/.364 plus Defensive Wizard play.,84-78,First winning season since 2023; missed Wild Card
P005,2,2027,Carlos,Kevin G,Red Sox,3B,1B/DH,R,R,21,6'3,230,79,81,37,48,99,96,43,38,43,30,21,15,83,65,20,14,17,52,46,84,61,45,65.0,25.0,10.0,20.0,25.0,55.0,78.0,Middle-Middle,Any Corner,Wide Closed No Stride,"Mistake Hitter,Bomber,Stubborn,Hot Head,First Pitch Hitter",Brainrot Focus / 30% first pitch swing,Only good at brainrot Roblox,124,532,503,56,92,14,3.0,26,69,23,124,4,1,0.183,0.227,0.378,0.605,-1.3,0,0,0.0,0.0,0,0,0.0,0,0,0,0,0,0,0,0,0,0,104,171,8.0,0.972,13.0,,,Strikeouts kept piling up; -1.3 WAR despite 26 HR.,84-78,First winning season since 2023; missed Wild Card
P006,2,2027,Marcus,Marquis,Red Sox,CF,,R,R,22,5'11,175,89,90,63,74,60,73,81,80,81,75,61,66,82,97,70,61,51,81,74,81,80,93,40.0,40.0,20.0,40.0,40.0,20.0,50.0,Middle-Middle,Familiar Pitchers,Textbook Square,"Cool Customer,Quick Learner,Late Bloomer,Clutch Hitter",Refuses scouting reports,Calm lazy genius,141,592,528,69,125,25,0.0,21,67,58,73,13,3,0.237,0.314,0.403,0.717,3.5,0,0,0.0,0.0,0,0,0.0,0,0,0,0,0,0,0,0,0,0,254,8,2.0,0.992,17.0,,,Mild regression at the plate; 3.5 WAR steady production.,84-78,First winning season since 2023; missed Wild Card
P007,2,2027,Ian,,Red Sox,SP,,R,R,21,5'10,165,92,92,65,65,68,68,72,68,70,65,40,30,83,72,78,70,75,60,68,70,68,55,50.0,30.0,20.0,35.0,35.0,30.0,65.0,Middle-Middle,Up and In,Cross-Fire Delivery,"Outlier (velo),Fireballer,Hot Head,Five Tool,Workhorse",Compete Mode Tilt - 1ER drops 12pts,Weirdly good at random things,0,0,0,0,0,0,0.0,0,0,0,0,0,0,0.0,0.0,0.0,0.0,4.1,11,10,3.27,1.22,0,34,184.2,162,67,200,62,19,0,0,0,1,1,8,14,1.0,1.0,0.0,All-Star,,All-Star follow-up: another 200 K season.,84-78,First winning season since 2023; missed Wild Card
P008,2,2027,Griffin,,Red Sox,LF,CF,R,R,22,6'1,185,85,86,69,88,70,87,93,51,93,50,40,31,74,66,53,35,29,45,50,76,55,60,55.0,30.0,15.0,25.0,35.0,40.0,65.0,Any Fastball,Any Breaking Ball,Slight Crouch Still,"Outlier (vision),Bomber,One Trick Pony,Lazy,Fastball Hunter",Osu Brain - locks only on FB,Only plays osu,135,579,530,67,135,32,2.0,29,74,46,69,2,2,0.255,0.318,0.487,0.805,-0.2,0,0,0.0,0.0,0,0,0.0,0,0,0,0,0,0,0,0,0,0,268,8,12.0,0.958,13.0,,,"Full season: 29 HR, still sub-replacement WAR.",84-78,First winning season since 2023; missed Wild Card
P009,2,2027,Caden,The Enigma,Red Sox,RP,CP,R,R,21,5'11,170,87,83,55,60,45,50,60,50,55,45,30,25,68,65,80,60,90,55,55,75,55,80,,,,,,,40.0,Mystery,Funky Low 3/4,"Ghost,Sprinter,Pressure Cooker,Mystery Man",Disappears 4 games at a time,Nobody knows anything,0,0,0,0,0,0,0,0.0,0,0,0,0,0,0,0.0,0.0,0.0,0.0,2.2,7,10,3.78,1.28,0,0,116.2,115,49,147,45,12,0,9,9,0,0,3,4,0.0,1.0,,,,Expanded role: 116 IP and 147 K out of the pen.,84-78,First winning season since 2023; missed Wild Card
P010,2,2027,Ronin,,Red Sox,2B,CF/LF/RF,L,R,21,5'8,170,78,85,36,62,58,82,65,29,65,20,55,71,76,33,84,77,94,68,65,79,63,15,70.0,25.0,5.0,30.0,30.0,40.0,82.0,Middle-In,Off Plate,Aggressive Open Big Stride,"Speedster,Bomber,Hot Head,Free Swinger,Rally Killer",Reasonless Rage / 25% ejection,Gets really mad no reasoning,130,459,438,59,91,16,4.0,14,44,14,73,17,7,0.208,0.237,0.358,0.595,-1.7,0,0,0.0,0.0,0,0,0.0,0,0,0,0,0,0,0,0,0,0,193,256,10.0,0.978,25.0,,,"Sophomore slump — .208 AVG, drop in everything.",84-78,First winning season since 2023; missed Wild Card
P011,2,2027,Keaton,My Bigness,Red Sox,1B,3B/DH,R,R,22,6'4,270,83,87,56,68,65,92,62,52,62,50,27,6,90,92,18,9,13,58,62,85,62,75,80.0,18.0,2.0,22.0,28.0,50.0,60.0,Inner Half Belt-High,Outside Corner,Massive Square No Stride,"Bomber,Crowd Pleaser,Trash Talker,Insecure,Pull Hitter",Pull Only - refuses oppo,Best trash talker of all time,137,564,513,57,121,18,2.0,23,66,49,95,4,1,0.236,0.305,0.413,0.718,-0.5,0,0,0.0,0.0,0,0,0.0,0,0,0,0,0,0,0,0,0,0,989,118,17.0,0.985,27.0,,,Full season: 23 HR but defense pulled him to -0.5 WAR.,84-78,First winning season since 2023; missed Wild Card
P001,3,2028,Cyris Sullivan,Cream Machine,Red Sox,2B,SS,R,R,21,5'7,145,92,92,99,93,31,47,99,94,99,94,94,95,76,98,66,70,85,92,98,75,88,96,30.0,45.0,25.0,55.0,35.0,10.0,38.0,Low Away/Low Middle,High Inside,Crouched Open,"Bad Ball Hitter,Pressure Cooker,Table Setter,Contact Hitter",Tilt Mode after 2 Ks,Always clutch in ranked,138,594,515,87,168,36,1.0,10,53,69,56,16,5,0.326,0.411,0.458,0.869,6.1,0,0,0.0,0.0,0,0,0.0,0,0,0,0,0,0,0,0,0,0,157,341,7.0,0.986,19.0,Batting Title;Led in Hits,,Won Batting Title and led league in hits; franchise cornerstone.,92-70,AL East Division Title; lost in ALDS
P002,3,2028,Shea Harrison,,Red Sox,1B,3B/DH,L,R,22,5'9,215,84,84,65,53,68,98,59,50,59,40,25,21,90,94,22,21,31,56,56,78,56,70,75.0,20.0,5.0,25.0,25.0,50.0,72.0,Middle In Belt-High,Outside/High Heat,Open Wide w/ Leg Kick,"Crowd Pleaser,Dead Red,Bomber,Free Swinger",Empty Stadium Slump,Only tries when watched,156,631,591,88,152,27,1.0,44,98,33,110,6,6,0.257,0.303,0.53,0.833,1.1,0,0,0.0,0.0,0,0,0.0,0,0,0,0,0,0,0,0,0,0,2,0,0.0,1.0,29.0,Silver Slugger 1B; Led in Homeruns,,Led the league in HR (44); second straight Silver Slugger.,92-70,AL East Division Title; lost in ALDS
P003,3,2028,Jaedan,The Otaku,Red Sox,RF,,R,R,21,6'2,155,81,80,66,74,60,77,72,56,72,55,38,37,59,39,48,46,80,70,65,88,72,30,50.0,30.0,20.0,30.0,35.0,35.0,60.0,Middle/Middle-Up,Low Away,Tall Upright,"Outlier (arm),Showboat,Glamour Stats",One and Done,Bat flips guaranteed,126,496,460,67,129,27,2.0,29,79,31,76,10,5,0.28,0.333,0.537,0.87,3.0,0,0,0.0,0.0,0,0,0.0,0,0,0,0,0,0,0,0,0,0,280,9,4.0,0.986,14.0,,,Bounce-back career year: 29 HR and .870 OPS.,92-70,AL East Division Title; lost in ALDS
P004,3,2028,Gui,Acid Chair,Red Sox,C,3B/1B,R,R,22,5'10,195,89,88,76,81,46,64,88,82,88,88,62,35,79,72,53,33,46,87,83,81,86,78,40.0,25.0,35.0,45.0,20.0,35.0,,High Inside FB,Balanced Square,"Pitch Whisperer,Defensive Wizard,Hot Head,Selective Hitter",Anime distractions/3x ejection rate,Knows too much about anime,0,137,511,456,71,128,26,0.0,22,54,53,53,8,3,0.281,0.358,0.482,0.84,5.9,0,0,0.0,0.0,0,0,0.0,0,0,0,0,0,0,0,0,0,0,1393,85,2.0,0.999,17.0,,,Established as a top two-way catcher (5.9 WAR).,92-70,AL East Division Title; lost in ALDS
P005,3,2028,Carlos,Kevin G,Red Sox,3B,1B/DH,R,R,21,6'3,230,82,81,47,51,99,99,44,41,43,30,24,17,86,69,21,13,15,55,49,86,64,45,65.0,25.0,10.0,20.0,25.0,55.0,78.0,Middle-Middle,Any Corner,Wide Closed No Stride,"Mistake Hitter,Bomber,Stubborn,Hot Head,First Pitch Hitter",Brainrot Focus / 30% first pitch swing,Only good at brainrot Roblox,125,535,503,67,111,19,0.0,40,76,27,132,2,1,0.221,0.267,0.497,0.764,2.2,0,0,0.0,0.0,0,0,0.0,0,0,0,0,0,0,0,0,0,0,59,144,4.0,0.981,17.0,,,First positive WAR year — 40 HR power breakout.,92-70,AL East Division Title; lost in ALDS
P006,3,2028,Marcus,Marquis,Red Sox,CF,,R,R,22,5'11,175,89,90,63,74,60,73,81,80,81,75,61,66,82,97,70,61,51,82,84,79,78,93,40.0,40.0,20.0,40.0,40.0,20.0,50.0,Middle-Middle,Familiar Pitchers,Textbook Square,"Cool Customer,Quick Learner,Late Bloomer,Clutch Hitter",Refuses scouting reports,Calm lazy genius,138,620,564,70,162,25,5.0,31,70,55,76,12,3,0.287,0.351,0.514,0.865,6.3,0,0,0.0,0.0,0,0,0.0,0,0,0,0,0,0,0,0,0,0,266,9,2.0,0.993,17.0,,,Star turn: .287/.351/.514 and 6.3 WAR.,92-70,AL East Division Title; lost in ALDS
P007,3,2028,Ian,,Red Sox,SP,,R,R,21,5'10,165,99,92,65,65,68,68,72,68,70,65,40,30,83,72,78,70,75,60,68,70,68,55,50.0,30.0,20.0,35.0,35.0,30.0,65.0,Middle-Middle,Up and In,Cross-Fire Delivery,"Outlier (velo),Fireballer,Hot Head,Five Tool,Workhorse",Compete Mode Tilt - 1ER drops 12pts,Weirdly good at random things,0,0,0,0,0,0,0.0,0,0,0,0,0,0,0.0,0.0,0.0,0.0,8.2,20,2,1.78,0.71,0,33,207.1,109,41,307,39,17,0,0,0,2,1,8,9,1.0,1.0,0.0,CY Young;MVP;ALL Star;Led in ERA; Led in Strikeouts; Led in Winning percentage;No Hitter,,"Cy Young + MVP + No-Hitter: 20-2, 1.78 ERA, 307 K's.",92-70,AL East Division Title; lost in ALDS
P008,3,2028,Griffin,,Red Sox,LF,CF,R,R,22,6'1,185,85,86,69,88,70,87,93,51,93,50,40,31,74,66,53,35,29,45,50,76,55,60,55.0,30.0,15.0,25.0,35.0,40.0,65.0,Any Fastball,Any Breaking Ball,Slight Crouch Still,"Outlier (vision),Bomber,One Trick Pony,Lazy,Fastball Hunter",Osu Brain - locks only on FB,Only plays osu,131,557,505,72,143,27,0.0,34,85,49,62,4,6,0.283,0.349,0.539,0.888,2.3,0,0,0.0,0.0,0,0,0.0,0,0,0,0,0,0,0,0,0,0,250,9,8.0,0.87,20.0,,,"First positive WAR season — 34 HR, .888 OPS.",92-70,AL East Division Title; lost in ALDS
P009,3,2028,Caden,The Enigma,Red Sox,RP,CP,R,R,21,5'11,170,87,83,55,60,45,50,60,50,55,45,30,25,68,65,80,60,90,55,55,75,55,80,,,,,,,40.0,Mystery,Funky Low 3/4,"Ghost,Sprinter,Pressure Cooker,Mystery Man",Disappears 4 games at a time,Nobody knows anything,0,0,0,0,0,0,0,0.0,0,0,0,0,0,0,0.0,0.0,0.0,0.0,2.6,9,0,1.97,0.92,0,0,127.2,77,32,156,40,13,0,7,0,0,0,7,6,0.0,1.0,,All Star,,All-Star: 9-0 with a 1.97 ERA in 127 IP.,92-70,AL East Division Title; lost in ALDS
P010,3,2028,Ronin,,Red Sox,2B,CF/LF/RF,L,R,21,5'8,170,82,85,41,65,58,87,68,29,65,20,57,73,79,37,84,77,93,70,68,82,66,15,70.0,25.0,5.0,30.0,30.0,40.0,82.0,Middle-In,Off Plate,Aggressive Open Big Stride,"Speedster,Bomber,Hot Head,Free Swinger,Rally Killer",Reasonless Rage / 25% ejection,Gets really mad no reasoning,70,261,256,40,64,10,1.0,28,54,4,54,8,3,0.25,0.264,0.625,0.889,0.4,0,0,0.0,0.0,0,0,0.0,0,0,0,0,0,0,0,0,0,0,69,125,10.0,0.951,6.0,,,"Half-season insanity — 28 HR in 70 games, .625 SLG.",92-70,AL East Division Title; lost in ALDS
P011,3,2028,Keaton,My Bigness,Red Sox,1B,3B/DH,R,R,22,6'4,270,84,87,57,68,69,92,62,52,62,50,27,6,90,92,18,9,13,58,62,85,62,75,80.0,18.0,2.0,22.0,28.0,50.0,60.0,Inner Half Belt-High,Outside Corner,Massive Square No Stride,"Bomber,Crowd Pleaser,Trash Talker,Insecure,Pull Hitter",Pull Only - refuses oppo,Best trash talker of all time,155,629,580,74,139,16,1.0,30,74,41,119,6,5,0.24,0.299,0.426,0.725,-0.1,0,0,0.0,0.0,0,0,0.0,0,0,0,0,0,0,0,0,0,0,1051,118,14.0,0.988,23.0,,,Career-high 30 HR; lineup volume guy with minimal WAR.,92-70,AL East Division Title; lost in ALDS
P001,4,2029,Cyris Sullivan,Cream Machine,Red Sox,2B,SS,R,R,21,5'7,145,92,92,99,93,31,47,99,94,99,94,94,95,76,98,66,70,85,92,98,75,88,96,30.0,45.0,25.0,55.0,35.0,10.0,38.0,Low Away/Low Middle,High Inside,Crouched Open,"Bad Ball Hitter,Pressure Cooker,Table Setter,Contact Hitter",Tilt Mode after 2 Ks,Always clutch in ranked,130,552,466,57,138,36,1.0,5,48,77,73,22,5,0.296,0.401,0.41,0.811,5.5,0,0,0.0,0.0,0,0,0.0,0,0,0,0,0,0,0,0,0,0,150,345,5.0,0.99,14.0,Playoff MVP; World Series; Led in Bat AVG,,Playoff MVP run powered the first World Series title.,98-64,AL Pennant; WORLD SERIES CHAMPIONS (1st)
P002,4,2029,Shea Harrison,,Red Sox,1B,3B/DH,L,R,22,5'9,215,84,84,65,53,68,98,59,50,59,40,25,21,90,94,22,21,31,56,56,78,56,70,75.0,20.0,5.0,25.0,25.0,50.0,72.0,Middle In Belt-High,Outside/High Heat,Open Wide w/ Leg Kick,"Crowd Pleaser,Dead Red,Bomber,Free Swinger",Empty Stadium Slump,Only tries when watched,146,608,564,67,140,25,1.0,26,76,41,128,9,1,0.248,0.301,0.434,0.735,0.6,0,0,0.0,0.0,0,0,0.0,0,0,0,0,0,0,0,0,0,0,1013,126,13.0,0.989,29.0,World Series,,First ring; quieter power year (26 HR) but contributed.,98-64,AL Pennant; WORLD SERIES CHAMPIONS (1st)
P003,4,2029,Jaedan,The Otaku,Red Sox,RF,,R,R,21,6'2,155,81,80,66,74,60,77,72,56,72,55,38,37,59,39,48,46,80,70,65,88,72,30,50.0,30.0,20.0,30.0,35.0,35.0,60.0,Middle/Middle-Up,Low Away,Tall Upright,"Outlier (arm),Showboat,Glamour Stats",One and Done,Bat flips guaranteed,79,330,298,24,70,15,1.0,6,19,30,43,10,2,0.235,0.309,0.352,0.661,0.8,0,0,0.0,0.0,0,0,0.0,0,0,0,0,0,0,0,0,0,0,160,8,1.0,0.994,9.0,World Series,,"First ring; lost playing time, slugged just .352 in 79 G.",98-64,AL Pennant; WORLD SERIES CHAMPIONS (1st)
P004,4,2029,Gui,Acid Chair,Red Sox,C,3B/1B,R,R,22,5'10,195,89,88,76,81,46,64,88,82,88,88,62,35,79,72,53,33,46,87,83,81,86,78,40.0,25.0,35.0,45.0,20.0,35.0,,High Inside FB,Balanced Square,"Pitch Whisperer,Defensive Wizard,Hot Head,Selective Hitter",Anime distractions/3x ejection rate,Knows too much about anime,0,136,511,451,57,122,26,2.0,14,56,14,78,14,5,0.271,0.361,0.43,0.84,5.3,0,0,0.0,0.0,0,0,0.0,0,0,0,0,0,0,0,0,0,0,1352,90,2.0,0.999,13.0,World Series,,First ring; another 5+ WAR season behind the dish.,98-64,AL Pennant; WORLD SERIES CHAMPIONS (1st)
P005,4,2029,Carlos,Kevin G,Red Sox,3B,1B/DH,R,R,21,6'3,230,82,81,47,51,99,99,44,41,43,30,24,17,86,69,21,13,15,55,49,86,64,45,65.0,25.0,10.0,20.0,25.0,55.0,78.0,Middle-Middle,Any Corner,Wide Closed No Stride,"Mistake Hitter,Bomber,Stubborn,Hot Head,First Pitch Hitter",Brainrot Focus / 30% first pitch swing,Only good at brainrot Roblox,148,586,586,61,130,22,2.0,30,77,44,156,3,1,0.222,0.282,0.42,0.702,0.2,0,0,0.0,0.0,0,0,0.0,0,0,0,0,0,0,0,0,0,0,9,1,40.0,1.0,28.0,World Series,,First ring; 30 HR but slash-line still below average.,98-64,AL Pennant; WORLD SERIES CHAMPIONS (1st)
P006,4,2029,Marcus,Marquis,Red Sox,CF,,R,R,22,5'11,175,89,90,63,74,60,73,81,80,81,75,61,66,82,97,70,61,51,82,84,79,78,93,40.0,40.0,20.0,40.0,40.0,20.0,50.0,Middle-Middle,Familiar Pitchers,Textbook Square,"Cool Customer,Quick Learner,Late Bloomer,Clutch Hitter",Refuses scouting reports,Calm lazy genius,138,639,555,87,141,18,5.0,25,80,82,95,17,6,0.254,0.352,0.44,0.792,5.2,0,0,0.0,0.0,0,0,0.0,0,0,0,0,0,0,0,0,0,0,268,9,2.0,0.993,12.0,World Series; All-Star,,First ring; All-Star CF anchored the dynasty's outfield.,98-64,AL Pennant; WORLD SERIES CHAMPIONS (1st)
P007,4,2029,Ian,,Red Sox,SP,,R,R,21,5'10,165,99,92,65,65,68,68,72,68,70,65,40,30,83,72,78,70,75,60,68,70,68,55,50.0,30.0,20.0,35.0,35.0,30.0,65.0,Middle-Middle,Up and In,Cross-Fire Delivery,"Outlier (velo),Fireballer,Hot Head,Five Tool,Workhorse",Compete Mode Tilt - 1ER drops 12pts,Weirdly good at random things,0,0,0,0,0,0,0.0,0,0,0,0,0,0,0.0,0.0,0.0,0.0,3.9,13,5,3.21,1.32,0,33,171.0,161,61,204,64,19,0,0,0,0,0,15,6,1.0,1.0,0.0,World Series; Led in Strikeouts,,First ring; led league in K's again (204).,98-64,AL Pennant; WORLD SERIES CHAMPIONS (1st)
P008,4,2029,Griffin,,Red Sox,LF,CF,R,R,22,6'1,185,85,86,69,88,70,87,93,51,93,50,40,31,74,66,53,35,29,45,50,76,55,60,55.0,30.0,15.0,25.0,35.0,40.0,65.0,Any Fastball,Any Breaking Ball,Slight Crouch Still,"Outlier (vision),Bomber,One Trick Pony,Lazy,Fastball Hunter",Osu Brain - locks only on FB,Only plays osu,139,581,532,80,159,26,1.0,38,91,58,71,12,1,0.299,0.357,0.566,0.923,3.8,0,0,0.0,0.0,0,0,0.0,0,0,0,0,0,0,0,0,0,0,238,7,7.0,0.972,22.0,World Series; World Series MVP; All-Star,,World Series MVP and All-Star — career-year 38 HR.,98-64,AL Pennant; WORLD SERIES CHAMPIONS (1st)
P009,4,2029,Caden,The Enigma,Red Sox,RP,CP,R,R,21,5'11,170,87,83,55,60,45,50,60,50,55,45,30,25,68,65,80,60,90,55,55,75,55,80,,,,,,,40.0,Mystery,Funky Low 3/4,"Ghost,Sprinter,Pressure Cooker,Mystery Man",Disappears 4 games at a time,Nobody knows anything,0,0,0,0,0,0,0,0.0,0,0,0,0,0,0,0.0,0.0,0.0,0.0,1.5,5,3,2.15,1.04,0,0,67.0,48,22,77,22,5,54,1,3,0,0,2,5,0.0,1.0,,World Series; led in Saves,,First ring; led league with 54 saves as primary closer.,98-64,AL Pennant; WORLD SERIES CHAMPIONS (1st)
P010,4,2029,Ronin,,Red Sox,2B,CF/LF/RF,L,R,21,5'8,170,82,85,41,65,58,87,68,29,65,20,57,73,79,37,84,77,93,70,68,82,66,15,70.0,25.0,5.0,30.0,30.0,40.0,82.0,Middle-In,Off Plate,Aggressive Open Big Stride,"Speedster,Bomber,Hot Head,Free Swinger,Rally Killer",Reasonless Rage / 25% ejection,Gets really mad no reasoning,145,579,535,87,127,18,6.0,25,57,38,92,25,9,0.237,0.293,0.435,0.889,0.8,0,0,0.0,0.0,0,0,0.0,0,0,0,0,0,0,0,0,0,0,220,354,12.0,0.98,18.0,World Series,,First ring; full season of 25 HR / 25 SB.,98-64,AL Pennant; WORLD SERIES CHAMPIONS (1st)
P011,4,2029,Keaton,My Bigness,Red Sox,1B,3B/DH,R,R,22,6'4,270,84,87,57,68,69,92,62,52,62,50,27,6,90,92,18,9,13,58,62,85,62,75,80.0,18.0,2.0,22.0,28.0,50.0,60.0,Inner Half Belt-High,Outside Corner,Massive Square No Stride,"Bomber,Crowd Pleaser,Trash Talker,Insecure,Pull Hitter",Pull Only - refuses oppo,Best trash talker of all time,27,112,102,14,27,6,0.0,4,13,9,20,0,0,0.265,0.33,0.441,0.771,0.0,0,0,0.0,0.0,0,0,0.0,0,0,0,0,0,0,0,0,0,0,21,12,4.0,0.892,4.0,World Series,,First ring; injury limited him to 27 games.,98-64,AL Pennant; WORLD SERIES CHAMPIONS (1st)
P001,5,2030,Cyris Sullivan,Cream Machine,Red Sox,2B,SS,R,R,25,5'7,145,92,92,99,93,31,47,99,94,99,94,94,95,76,98,66,70,85,92,98,75,88,96,30.0,45.0,25.0,55.0,35.0,10.0,38.0,Low Away/Low Middle,High Inside,Crouched Open,"Bad Ball Hitter,Pressure Cooker,Table Setter,Contact Hitter",Tilt Mode after 2 Ks,Always clutch in ranked,137,584,512,78,158,33,2.0,8,52,72,58,21,6,0.309,0.394,0.428,0.822,5.7,0,0,0.0,0.0,0,0,0.0,0,0,0,0,0,0,0,0,0,0,148,338,8.0,0.984,21.0,All-Star;Gold Glove 2B;Silver Slugger 2B,,Moved across the bag to 2B; All-Star/Gold Glove/Silver Slugger trifecta.,95-67,AL East Title; lost in ALCS
P002,5,2030,Shea Harrison,,Red Sox,1B,3B/DH,L,R,26,5'9,215,84,84,65,53,68,98,59,50,59,40,25,21,90,94,22,21,31,56,56,78,56,70,75.0,20.0,5.0,25.0,25.0,50.0,72.0,Middle In Belt-High,Outside/High Heat,Open Wide w/ Leg Kick,"Crowd Pleaser,Dead Red,Bomber,Free Swinger",Empty Stadium Slump,Only tries when watched,158,641,607,82,151,24,1.0,39,92,34,131,4,2,0.249,0.289,0.484,0.773,0.7,0,0,0.0,0.0,0,0,0.0,0,0,0,0,0,0,0,0,0,0,18,2,0.0,1.0,2.0,Silver Slugger 1B,,Position shift to primary 1B; Silver Slugger with 39 HR.,95-67,AL East Title; lost in ALCS
P003,5,2030,Jaedan,The Otaku,Red Sox,RF,,R,R,25,6'2,155,81,80,66,74,60,77,72,56,72,55,38,37,59,39,48,46,80,70,65,88,72,30,50.0,30.0,20.0,30.0,35.0,35.0,60.0,Middle/Middle-Up,Low Away,Tall Upright,"Outlier (arm),Showboat,Glamour Stats",One and Done,Bat flips guaranteed,112,449,420,58,110,22,1.0,22,62,29,68,11,4,0.262,0.31,0.476,0.786,1.7,0,0,0.0,0.0,0,0,0.0,0,0,0,0,0,0,0,0,0,0,210,10,3.0,0.987,2.0,,,Bounce-back power year (22 HR) in a part-time role.,95-67,AL East Title; lost in ALCS
P004,5,2030,Gui,Acid Chair,Red Sox,C,3B/1B,R,R,26,5'10,195,89,88,76,81,46,64,88,82,88,88,62,35,79,72,53,33,46,87,83,81,86,78,40.0,25.0,35.0,45.0,20.0,35.0,,High Inside FB,Balanced Square,"Pitch Whisperer,Defensive Wizard,Hot Head,Selective Hitter",Anime distractions/3x ejection rate,Knows too much about anime,0,138,526,468,66,132,27,1.0,19,60,58,58,9,4,0.282,0.361,0.466,0.827,5.8,0,0,0.0,0.0,0,0,0.0,0,0,0,0,0,0,0,0,0,0,1320,92,2.0,0.999,19.0,All-Star;Gold Glove C;Silver Slugger C,,Triple defensive crown plus first All-Star nod.,95-67,AL East Title; lost in ALCS
P005,5,2030,Carlos,Kevin G,Red Sox,3B,1B/DH,R,R,25,6'3,230,82,81,47,51,99,99,44,41,43,30,24,17,86,69,21,13,15,55,49,86,64,45,65.0,25.0,10.0,20.0,25.0,55.0,78.0,Middle-Middle,Any Corner,Wide Closed No Stride,"Mistake Hitter,Bomber,Stubborn,Hot Head,First Pitch Hitter",Brainrot Focus / 30% first pitch swing,Only good at brainrot Roblox,140,555,525,66,119,18,1.0,34,82,30,141,2,1,0.227,0.268,0.459,0.728,0.6,0,0,0.0,0.0,0,0,0.0,0,0,0,0,0,0,0,0,0,0,1150,88,10.0,0.992,92.0,,,Shifted across the diamond to 3B; 34 HR with the position change.,95-67,AL East Title; lost in ALCS
P006,5,2030,Marcus,Marquis,Red Sox,CF,,R,R,26,5'11,175,89,90,63,74,60,73,81,80,81,75,61,66,82,97,70,61,51,82,84,79,78,93,40.0,40.0,20.0,40.0,40.0,20.0,50.0,Middle-Middle,Familiar Pitchers,Textbook Square,"Cool Customer,Quick Learner,Late Bloomer,Clutch Hitter",Refuses scouting reports,Calm lazy genius,144,626,560,88,158,30,4.0,27,78,66,80,15,4,0.282,0.358,0.495,0.852,6.1,0,0,0.0,0.0,0,0,0.0,0,0,0,0,0,0,0,0,0,0,288,10,3.0,0.99,2.0,All-Star;Gold Glove CF,,Repeat Gold Glove CF; 6.1 WAR.,95-67,AL East Title; lost in ALCS
P007,5,2030,Ian,,Red Sox,SP,,R,R,25,5'10,165,99,92,65,65,68,68,72,68,70,65,40,30,83,72,78,70,75,60,68,70,68,55,50.0,30.0,20.0,35.0,35.0,30.0,65.0,Middle-Middle,Up and In,Cross-Fire Delivery,"Outlier (velo),Fireballer,Hot Head,Five Tool,Workhorse",Compete Mode Tilt - 1ER drops 12pts,Weirdly good at random things,0,0,0,0,0,0,0.0,0,0,0,0,0,0,0.0,0.0,0.0,0.0,9.0,17,6,2.45,0.98,0,33,212.0,148,58,258,48,15,0,0,0,2,1,12,18,1.0,0.968,0.0,All-Star;Led in Strikeouts,,"All-Star: 17-6, 258 K, second-place Cy Young finish.",95-67,AL East Title; lost in ALCS
P008,5,2030,Griffin,,Red Sox,LF,CF,R,R,26,6'1,185,85,86,69,88,70,87,93,51,93,50,40,31,74,66,53,35,29,45,50,76,55,60,55.0,30.0,15.0,25.0,35.0,40.0,65.0,Any Fastball,Any Breaking Ball,Slight Crouch Still,"Outlier (vision),Bomber,One Trick Pony,Lazy,Fastball Hunter",Osu Brain - locks only on FB,Only plays osu,145,592,540,85,151,28,1.0,36,88,52,74,8,4,0.28,0.343,0.535,0.878,3.5,0,0,0.0,0.0,0,0,0.0,0,0,0,0,0,0,0,0,0,0,245,8,8.0,0.969,2.0,All-Star;Silver Slugger LF,,"All-Star: 36 HR, .888 OPS encore season.",95-67,AL East Title; lost in ALCS
P009,5,2030,Caden,The Enigma,Red Sox,RP,CP,R,R,25,5'11,170,87,83,55,60,45,50,60,50,55,45,30,25,68,65,80,60,90,55,55,75,55,80,,,,,,,40.0,Mystery,Funky Low 3/4,"Ghost,Sprinter,Pressure Cooker,Mystery Man",Disappears 4 games at a time,Nobody knows anything,0,0,0,0,0,0,0,0.0,0,0,0,0,0,0,0.0,0.0,0.0,0.0,3.2,6,3,2.42,1.05,68,0,78.0,58,21,102,28,5,38,4,4,0,0,4,6,0.0,1.0,0.0,All-Star,,All-Star closer year — 38 saves.,95-67,AL East Title; lost in ALCS
P010,5,2030,Ronin,,Red Sox,2B,CF/LF/RF,L,R,25,5'8,170,82,85,41,65,58,87,68,29,65,20,57,73,79,37,84,77,93,70,68,82,66,15,70.0,25.0,5.0,30.0,30.0,40.0,82.0,Middle-In,Off Plate,Aggressive Open Big Stride,"Speedster,Bomber,Hot Head,Free Swinger,Rally Killer",Reasonless Rage / 25% ejection,Gets really mad no reasoning,132,518,496,72,119,18,4.0,23,58,22,85,23,8,0.24,0.272,0.431,0.704,0.6,0,0,0.0,0.0,0,0,0.0,0,0,0,0,0,0,0,0,0,0,205,295,11.0,0.978,15.0,,,"Embraced super-utility role — started games at 2B, LF, CF, and RF.",95-67,AL East Title; lost in ALCS
P011,5,2030,Keaton,My Bigness,Red Sox,1B,3B/DH,R,R,26,6'4,270,84,87,57,68,69,92,62,52,62,50,27,6,90,92,18,9,13,58,62,85,62,75,80.0,18.0,2.0,22.0,28.0,50.0,60.0,Inner Half Belt-High,Outside Corner,Massive Square No Stride,"Bomber,Crowd Pleaser,Trash Talker,Insecure,Pull Hitter",Pull Only - refuses oppo,Best trash talker of all time,140,552,508,66,124,19,1.0,28,72,44,104,2,1,0.244,0.304,0.451,0.755,0.6,0,0,0.0,0.0,0,0,0.0,0,0,0,0,0,0,0,0,0,0,1015,105,12.0,0.989,98.0,,,Rebound year of full health — 28 HR.,95-67,AL East Title; lost in ALCS
P001,6,2031,Cyris Sullivan,Cream Machine,Red Sox,2B,SS,R,R,26,5'7,145,92,92,99,93,31,47,99,94,99,94,94,95,76,98,66,70,85,92,98,75,88,96,30.0,45.0,25.0,55.0,35.0,10.0,38.0,Low Away/Low Middle,High Inside,Crouched Open,"Bad Ball Hitter,Pressure Cooker,Table Setter,Contact Hitter",Tilt Mode after 2 Ks,Always clutch in ranked,141,606,528,84,164,35,1.0,11,58,78,62,24,7,0.311,0.399,0.443,0.843,6.0,0,0,0.0,0.0,0,0,0.0,0,0,0,0,0,0,0,0,0,0,155,351,6.0,0.988,23.0,All-Star;Gold Glove 2B;Batting Title,,Won his second Batting Title; Gold Glove 2B at age 26.,96-66,AL East Title; lost in ALDS
P002,6,2031,Shea Harrison,,Red Sox,1B,3B/DH,L,R,27,5'9,215,84,84,65,53,68,98,59,50,59,40,25,21,90,94,22,21,31,56,56,78,56,70,75.0,20.0,5.0,25.0,25.0,50.0,72.0,Middle In Belt-High,Outside/High Heat,Open Wide w/ Leg Kick,"Crowd Pleaser,Dead Red,Bomber,Free Swinger",Empty Stadium Slump,Only tries when watched,160,651,615,86,157,22,0.0,41,104,36,128,3,1,0.255,0.296,0.491,0.788,1.2,0,0,0.0,0.0,0,0,0.0,0,0,0,0,0,0,0,0,0,0,12,0,0.0,1.0,1.0,Silver Slugger 1B;Led in HR,,"Led league in HR (41), third Silver Slugger DH.",96-66,AL East Title; lost in ALDS
P003,6,2031,Jaedan,The Otaku,Red Sox,RF,,R,R,26,6'2,155,81,80,66,74,60,77,72,56,72,55,38,37,59,39,48,46,80,70,65,88,72,30,50.0,30.0,20.0,30.0,35.0,35.0,60.0,Middle/Middle-Up,Low Away,Tall Upright,"Outlier (arm),Showboat,Glamour Stats",One and Done,Bat flips guaranteed,98,396,370,46,89,17,2.0,14,42,26,72,9,3,0.241,0.29,0.411,0.701,0.5,0,0,0.0,0.0,0,0,0.0,0,0,0,0,0,0,0,0,0,0,178,9,4.0,0.979,1.0,,,"Worst full season yet — .241 average, 14 HR.",96-66,AL East Title; lost in ALDS
P004,6,2031,Gui,Acid Chair,Red Sox,C,3B/1B,R,R,27,5'10,195,89,88,76,81,46,64,88,82,88,88,62,35,79,72,53,33,46,87,83,81,86,78,40.0,25.0,35.0,45.0,20.0,35.0,,High Inside FB,Balanced Square,"Pitch Whisperer,Defensive Wizard,Hot Head,Selective Hitter",Anime distractions/3x ejection rate,Knows too much about anime,0,140,537,475,70,138,28,2.0,21,68,62,55,8,3,0.291,0.372,0.491,0.863,6.2,0,0,0.0,0.0,0,0,0.0,0,0,0,0,0,0,0,0,0,0,1355,98,2.0,0.999,21.0,All-Star;Gold Glove C;Platinum Glove,,Repeat Gold Glove + Platinum Glove; 6.2 WAR.,96-66,AL East Title; lost in ALDS
P005,6,2031,Carlos,Kevin G,Red Sox,3B,1B/DH,R,R,26,6'3,230,82,81,47,51,99,99,44,41,43,30,24,17,86,69,21,13,15,55,49,86,64,45,65.0,25.0,10.0,20.0,25.0,55.0,78.0,Middle-Middle,Any Corner,Wide Closed No Stride,"Mistake Hitter,Bomber,Stubborn,Hot Head,First Pitch Hitter",Brainrot Focus / 30% first pitch swing,Only good at brainrot Roblox,146,581,548,74,128,20,0.0,38,94,33,145,3,2,0.234,0.277,0.478,0.755,1.4,0,0,0.0,0.0,0,0,0.0,0,0,0,0,0,0,0,0,0,0,1180,95,8.0,0.994,98.0,Silver Slugger 3B,,Career-high 38 HR earned a Silver Slugger 3B in his new role.,96-66,AL East Title; lost in ALDS
P006,6,2031,Marcus,Marquis,Red Sox,CF,,R,R,27,5'11,175,89,90,63,74,60,73,81,80,81,75,61,66,82,97,70,61,51,82,84,79,78,93,40.0,40.0,20.0,40.0,40.0,20.0,50.0,Middle-Middle,Familiar Pitchers,Textbook Square,"Cool Customer,Quick Learner,Late Bloomer,Clutch Hitter",Refuses scouting reports,Calm lazy genius,146,641,571,92,164,32,3.0,29,85,70,78,18,5,0.287,0.365,0.506,0.871,6.5,0,0,0.0,0.0,0,0,0.0,0,0,0,0,0,0,0,0,0,0,295,11,2.0,0.993,3.0,All-Star;Gold Glove CF;Silver Slugger CF,,Career-high 6.5 WAR — Gold Glove + Silver Slugger.,96-66,AL East Title; lost in ALDS
P007,6,2031,Ian,,Red Sox,SP,,R,R,26,5'10,165,99,92,65,65,68,68,72,68,70,65,40,30,83,72,78,70,75,60,68,70,68,55,50.0,30.0,20.0,35.0,35.0,30.0,65.0,Middle-Middle,Up and In,Cross-Fire Delivery,"Outlier (velo),Fireballer,Hot Head,Five Tool,Workhorse",Compete Mode Tilt - 1ER drops 12pts,Weirdly good at random things,0,0,0,0,0,0,0.0,0,0,0,0,0,0,0.0,0.0,0.0,0.0,9.0,19,4,2.18,0.92,0,33,218.1,141,53,275,42,12,0,0,0,3,2,10,22,0.0,1.0,0.0,Cy Young;All-Star;Led in Wins;Led in ERA;Led in Strikeouts,,"First Cy Young — led league in wins, ERA, K's.",96-66,AL East Title; lost in ALDS
P008,6,2031,Griffin,,Red Sox,LF,CF,R,R,27,6'1,185,85,86,69,88,70,87,93,51,93,50,40,31,74,66,53,35,29,45,50,76,55,60,55.0,30.0,15.0,25.0,35.0,40.0,65.0,Any Fastball,Any Breaking Ball,Slight Crouch Still,"Outlier (vision),Bomber,One Trick Pony,Lazy,Fastball Hunter",Osu Brain - locks only on FB,Only plays osu,138,566,518,78,144,26,0.0,33,82,48,72,6,3,0.278,0.339,0.519,0.859,2.9,0,0,0.0,0.0,0,0,0.0,0,0,0,0,0,0,0,0,0,0,232,6,10.0,0.96,1.0,,,"Slight dip — 33 HR, defense still a drag.",96-66,AL East Title; lost in ALDS
P009,6,2031,Caden,The Enigma,Red Sox,RP,CP,R,R,26,5'11,170,87,83,55,60,45,50,60,50,55,45,30,25,68,65,80,60,90,55,55,75,55,80,,,,,,,40.0,Mystery,Funky Low 3/4,"Ghost,Sprinter,Pressure Cooker,Mystery Man",Disappears 4 games at a time,Nobody knows anything,0,0,0,0,0,0,0,0.0,0,0,0,0,0,0,0.0,0.0,0.0,0.0,3.8,5,2,2.05,0.96,70,0,79.1,52,18,108,24,4,44,3,3,0,0,3,8,0.0,1.0,0.0,All-Star;Led in Saves;Reliever of the Year,,First Reliever of the Year — led league in saves.,96-66,AL East Title; lost in ALDS
P010,6,2031,Ronin,,Red Sox,2B,CF/LF/RF,L,R,26,5'8,170,82,85,41,65,58,87,68,29,65,20,57,73,79,37,84,77,93,70,68,82,66,15,70.0,25.0,5.0,30.0,30.0,40.0,82.0,Middle-In,Off Plate,Aggressive Open Big Stride,"Speedster,Bomber,Hot Head,Free Swinger,Rally Killer",Reasonless Rage / 25% ejection,Gets really mad no reasoning,128,498,478,68,112,15,5.0,20,52,20,82,21,9,0.234,0.265,0.412,0.677,0.4,0,0,0.0,0.0,0,0,0.0,0,0,0,0,0,0,0,0,0,0,198,288,12.0,0.975,14.0,,,Slight power dip; still 20/20.,96-66,AL East Title; lost in ALDS
P011,6,2031,Keaton,My Bigness,Red Sox,1B,3B/DH,R,R,27,6'4,270,84,87,57,68,69,92,62,52,62,50,27,6,90,92,18,9,13,58,62,85,62,75,80.0,18.0,2.0,22.0,28.0,50.0,60.0,Inner Half Belt-High,Outside Corner,Massive Square No Stride,"Bomber,Crowd Pleaser,Trash Talker,Insecure,Pull Hitter",Pull Only - refuses oppo,Best trash talker of all time,148,588,540,72,132,22,0.0,30,80,48,108,1,1,0.244,0.306,0.452,0.758,0.9,0,0,0.0,0.0,0,0,0.0,0,0,0,0,0,0,0,0,0,0,1080,112,10.0,0.992,105.0,,,30-HR consistency at age 26.,96-66,AL East Title; lost in ALDS
P001,7,2032,Cyris Sullivan,Cream Machine,Red Sox,2B,SS,R,R,27,5'7,145,92,92,99,93,31,47,99,94,99,94,94,95,76,98,66,70,85,92,98,75,88,96,30.0,45.0,25.0,55.0,35.0,10.0,38.0,Low Away/Low Middle,High Inside,Crouched Open,"Bad Ball Hitter,Pressure Cooker,Table Setter,Contact Hitter",Tilt Mode after 2 Ks,Always clutch in ranked,143,616,536,92,172,38,2.0,13,66,80,58,26,6,0.321,0.409,0.472,0.881,6.4,0,0,0.0,0.0,0,0,0.0,0,0,0,0,0,0,0,0,0,0,160,355,5.0,0.991,24.0,World Series;All-Star;Gold Glove 2B;Silver Slugger 2B,,Second ring; rock-solid two-way 2B (.321/.409).,102-60,AL Pennant; WORLD SERIES CHAMPIONS (2nd); 100-win season
P002,7,2032,Shea Harrison,,Red Sox,1B,3B/DH,L,R,28,5'9,215,84,84,65,53,68,98,59,50,59,40,25,21,90,94,22,21,31,56,56,78,56,70,75.0,20.0,5.0,25.0,25.0,50.0,72.0,Middle In Belt-High,Outside/High Heat,Open Wide w/ Leg Kick,"Crowd Pleaser,Dead Red,Bomber,Free Swinger",Empty Stadium Slump,Only tries when watched,159,656,618,94,164,26,1.0,43,112,38,124,2,1,0.265,0.308,0.519,0.827,1.8,0,0,0.0,0.0,0,0,0.0,0,0,0,0,0,0,0,0,0,0,14,1,0.0,1.0,1.0,World Series;Silver Slugger 1B;Led in RBI,,Second ring; led the AL in RBI with 112.,102-60,AL Pennant; WORLD SERIES CHAMPIONS (2nd); 100-win season
P003,7,2032,Jaedan,The Otaku,Red Sox,RF,,R,R,27,6'2,155,81,80,66,74,60,77,72,56,72,55,38,37,59,39,48,46,80,70,65,88,72,30,50.0,30.0,20.0,30.0,35.0,35.0,60.0,Middle/Middle-Up,Low Away,Tall Upright,"Outlier (arm),Showboat,Glamour Stats",One and Done,Bat flips guaranteed,120,477,445,64,119,24,2.0,24,72,32,66,13,4,0.267,0.317,0.492,0.809,2.4,0,0,0.0,0.0,0,0,0.0,0,0,0,0,0,0,0,0,0,0,215,11,2.0,0.991,2.0,World Series,,Second ring; 24 HR rebound in expanded role.,102-60,AL Pennant; WORLD SERIES CHAMPIONS (2nd); 100-win season
P004,7,2032,Gui,Acid Chair,Red Sox,C,3B/1B,R,R,28,5'10,195,89,88,76,81,46,64,88,82,88,88,62,35,79,72,53,33,46,87,83,81,86,78,40.0,25.0,35.0,45.0,20.0,35.0,,High Inside FB,Balanced Square,"Pitch Whisperer,Defensive Wizard,Hot Head,Selective Hitter",Anime distractions/3x ejection rate,Knows too much about anime,0,142,551,485,78,145,30,2.0,24,78,66,52,7,2,0.299,0.383,0.518,0.9,6.8,0,0,0.0,0.0,0,0,0.0,0,0,0,0,0,0,0,0,0,0,1378,104,1.0,1.0,23.0,World Series;World Series MVP;All-Star;Gold Glove C;Silver Slugger C;Platinum Glove,,World Series MVP! Second ring as a defensive savant.,102-60,AL Pennant; WORLD SERIES CHAMPIONS (2nd); 100-win season
P005,7,2032,Carlos,Kevin G,Red Sox,3B,1B/DH,R,R,27,6'3,230,82,81,47,51,99,99,44,41,43,30,24,17,86,69,21,13,15,55,49,86,64,45,65.0,25.0,10.0,20.0,25.0,55.0,78.0,Middle-Middle,Any Corner,Wide Closed No Stride,"Mistake Hitter,Bomber,Stubborn,Hot Head,First Pitch Hitter",Brainrot Focus / 30% first pitch swing,Only good at brainrot Roblox,148,592,556,84,139,22,1.0,42,108,36,140,2,1,0.25,0.296,0.52,0.815,2.0,0,0,0.0,0.0,0,0,0.0,0,0,0,0,0,0,0,0,0,0,1205,98,7.0,0.995,102.0,World Series;Silver Slugger 3B,,42 HR career year; second ring.,102-60,AL Pennant; WORLD SERIES CHAMPIONS (2nd); 100-win season
P006,7,2032,Marcus,Marquis,Red Sox,CF,,R,R,28,5'11,175,89,90,63,74,60,73,81,80,81,75,61,66,82,97,70,61,51,82,84,79,78,93,40.0,40.0,20.0,40.0,40.0,20.0,50.0,Middle-Middle,Familiar Pitchers,Textbook Square,"Cool Customer,Quick Learner,Late Bloomer,Clutch Hitter",Refuses scouting reports,Calm lazy genius,148,652,580,98,172,34,4.0,32,92,72,74,20,5,0.297,0.374,0.534,0.909,7.0,0,0,0.0,0.0,0,0,0.0,0,0,0,0,0,0,0,0,0,0,302,12,2.0,0.994,3.0,World Series;MVP;All-Star;Gold Glove CF;Silver Slugger CF,,"First MVP! Second ring; 32 HR, 20 SB face of the dynasty.",102-60,AL Pennant; WORLD SERIES CHAMPIONS (2nd); 100-win season
P007,7,2032,Ian,,Red Sox,SP,,R,R,27,5'10,165,99,92,65,65,68,68,72,68,70,65,40,30,83,72,78,70,75,60,68,70,68,55,50.0,30.0,20.0,35.0,35.0,30.0,65.0,Middle-Middle,Up and In,Cross-Fire Delivery,"Outlier (velo),Fireballer,Hot Head,Five Tool,Workhorse",Compete Mode Tilt - 1ER drops 12pts,Weirdly good at random things,0,0,0,0,0,0,0.0,0,0,0,0,0,0,0.0,0.0,0.0,0.0,9.0,21,3,2.05,0.88,0,33,222.0,138,51,288,38,11,0,0,0,4,2,11,24,0.0,1.0,0.0,World Series;Cy Young;All-Star;Led in Wins;Led in ERA;Led in Strikeouts,,"Second Cy Young, second ring — 21-3 ace season.",102-60,AL Pennant; WORLD SERIES CHAMPIONS (2nd); 100-win season
P008,7,2032,Griffin,,Red Sox,LF,CF,R,R,28,6'1,185,85,86,69,88,70,87,93,51,93,50,40,31,74,66,53,35,29,45,50,76,55,60,55.0,30.0,15.0,25.0,35.0,40.0,65.0,Any Fastball,Any Breaking Ball,Slight Crouch Still,"Outlier (vision),Bomber,One Trick Pony,Lazy,Fastball Hunter",Osu Brain - locks only on FB,Only plays osu,142,586,532,88,152,28,1.0,38,96,54,70,8,3,0.286,0.352,0.556,0.908,3.8,0,0,0.0,0.0,0,0,0.0,0,0,0,0,0,0,0,0,0,0,248,8,7.0,0.973,2.0,World Series;All-Star;Silver Slugger LF,,Second ring; All-Star with 38 HR.,102-60,AL Pennant; WORLD SERIES CHAMPIONS (2nd); 100-win season
P009,7,2032,Caden,The Enigma,Red Sox,RP,CP,R,R,27,5'11,170,87,83,55,60,45,50,60,50,55,45,30,25,68,65,80,60,90,55,55,75,55,80,,,,,,,40.0,Mystery,Funky Low 3/4,"Ghost,Sprinter,Pressure Cooker,Mystery Man",Disappears 4 games at a time,Nobody knows anything,0,0,0,0,0,0,0,0.0,0,0,0,0,0,0,0.0,0.0,0.0,0.0,4.0,6,2,1.88,0.92,72,0,82.0,54,17,115,22,3,46,2,2,0,0,4,9,0.0,1.0,0.0,World Series;All-Star;Led in Saves;Reliever of the Year,,Second ring + second straight Reliever of the Year.,102-60,AL Pennant; WORLD SERIES CHAMPIONS (2nd); 100-win season
P010,7,2032,Ronin,,Red Sox,2B,CF/LF/RF,L,R,27,5'8,170,82,85,41,65,58,87,68,29,65,20,57,73,79,37,84,77,93,70,68,82,66,15,70.0,25.0,5.0,30.0,30.0,40.0,82.0,Middle-In,Off Plate,Aggressive Open Big Stride,"Speedster,Bomber,Hot Head,Free Swinger,Rally Killer",Reasonless Rage / 25% ejection,Gets really mad no reasoning,136,532,508,80,128,20,5.0,26,64,24,82,26,8,0.252,0.286,0.465,0.75,1.0,0,0,0.0,0.0,0,0,0.0,0,0,0,0,0,0,0,0,0,0,212,302,10.0,0.981,16.0,World Series,,Second ring; career-best 26/26 — most-used utility man in baseball.,102-60,AL Pennant; WORLD SERIES CHAMPIONS (2nd); 100-win season
P011,7,2032,Keaton,My Bigness,Red Sox,1B,3B/DH,R,R,28,6'4,270,84,87,57,68,69,92,62,52,62,50,27,6,90,92,18,9,13,58,62,85,62,75,80.0,18.0,2.0,22.0,28.0,50.0,60.0,Inner Half Belt-High,Outside Corner,Massive Square No Stride,"Bomber,Crowd Pleaser,Trash Talker,Insecure,Pull Hitter",Pull Only - refuses oppo,Best trash talker of all time,151,602,552,78,138,24,1.0,33,88,50,106,1,1,0.25,0.312,0.476,0.789,1.4,0,0,0.0,0.0,0,0,0.0,0,0,0,0,0,0,0,0,0,0,1112,118,9.0,0.993,108.0,World Series,,Second ring; 33 HR / 88 RBI.,102-60,AL Pennant; WORLD SERIES CHAMPIONS (2nd); 100-win season
P001,8,2033,Cyris Sullivan,Cream Machine,Red Sox,2B,SS,R,R,28,5'7,145,92,92,99,93,31,47,99,94,99,94,94,95,76,98,66,70,85,92,98,75,88,96,30.0,45.0,25.0,55.0,35.0,10.0,38.0,Low Away/Low Middle,High Inside,Crouched Open,"Bad Ball Hitter,Pressure Cooker,Table Setter,Contact Hitter",Tilt Mode after 2 Ks,Always clutch in ranked,146,637,555,102,178,38,2.0,14,70,82,60,28,7,0.321,0.408,0.472,0.88,6.8,0,0,0.0,0.0,0,0,0.0,0,0,0,0,0,0,0,0,0,0,162,360,5.0,0.991,25.0,All-Star;Gold Glove 2B;Silver Slugger 2B,,6.8 WAR — splits between 2B (primary) and SS when needed.,104-58,Set franchise record for runs scored (912)
P002,8,2033,Shea Harrison,,Red Sox,1B,3B/DH,L,R,29,5'9,215,84,84,65,53,68,98,59,50,59,40,25,21,90,94,22,21,31,56,56,78,56,70,75.0,20.0,5.0,25.0,25.0,50.0,72.0,Middle In Belt-High,Outside/High Heat,Open Wide w/ Leg Kick,"Crowd Pleaser,Dead Red,Bomber,Free Swinger",Empty Stadium Slump,Only tries when watched,160,653,615,92,162,24,1.0,42,108,38,122,3,1,0.263,0.306,0.511,0.817,2.0,0,0,0.0,0.0,0,0,0.0,0,0,0,0,0,0,0,0,0,0,6,0,0.0,1.0,1.0,All-Star;Silver Slugger 1B;Led in HR,,First All-Star nod; led league in HR again (42).,104-58,Set franchise record for runs scored (912)
P003,8,2033,Jaedan,The Otaku,Red Sox,RF,,R,R,28,6'2,155,81,80,66,74,60,77,72,56,72,55,38,37,59,39,48,46,80,70,65,88,72,30,50.0,30.0,20.0,30.0,35.0,35.0,60.0,Middle/Middle-Up,Low Away,Tall Upright,"Outlier (arm),Showboat,Glamour Stats",One and Done,Bat flips guaranteed,125,502,470,68,124,24,2.0,26,72,32,70,12,4,0.264,0.311,0.489,0.8,2.6,0,0,0.0,0.0,0,0,0.0,0,0,0,0,0,0,0,0,0,0,218,12,3.0,0.987,2.0,,,Career highs in HR (26) and PA — finally consistent.,104-58,Set franchise record for runs scored (912)
P004,8,2033,Gui,Acid Chair,Red Sox,C,3B/1B,R,R,29,5'10,195,89,88,76,81,46,64,88,82,88,88,62,35,79,72,53,33,46,87,83,81,86,78,40.0,25.0,35.0,45.0,20.0,35.0,,High Inside FB,Balanced Square,"Pitch Whisperer,Defensive Wizard,Hot Head,Selective Hitter",Anime distractions/3x ejection rate,Knows too much about anime,0,140,560,490,80,148,31,1.0,23,75,70,50,6,2,0.302,0.389,0.51,0.899,7.0,0,0,0.0,0.0,0,0,0.0,0,0,0,0,0,0,0,0,0,0,1390,108,1.0,1.0,24.0,All-Star;Gold Glove C;Silver Slugger C;Platinum Glove,,Career-high 7.0 WAR; defensive royalty continues.,104-58,Set franchise record for runs scored (912)
P005,8,2033,Carlos,Kevin G,Red Sox,3B,1B/DH,R,R,28,6'3,230,82,81,47,51,99,99,44,41,43,30,24,17,86,69,21,13,15,55,49,86,64,45,65.0,25.0,10.0,20.0,25.0,55.0,78.0,Middle-Middle,Any Corner,Wide Closed No Stride,"Mistake Hitter,Bomber,Stubborn,Hot Head,First Pitch Hitter",Brainrot Focus / 30% first pitch swing,Only good at brainrot Roblox,150,596,560,82,132,22,0.0,40,100,36,142,1,0,0.236,0.282,0.489,0.771,1.8,0,0,0.0,0.0,0,0,0.0,0,0,0,0,0,0,0,0,0,0,1212,96,6.0,0.995,105.0,Silver Slugger 3B,,Another Silver Slugger with 40 HR.,104-58,Set franchise record for runs scored (912)
P006,8,2033,Marcus,Marquis,Red Sox,CF,,R,R,29,5'11,175,89,90,63,74,60,73,81,80,81,75,61,66,82,97,70,61,51,82,84,79,78,93,40.0,40.0,20.0,40.0,40.0,20.0,50.0,Middle-Middle,Familiar Pitchers,Textbook Square,"Cool Customer,Quick Learner,Late Bloomer,Clutch Hitter",Refuses scouting reports,Calm lazy genius,150,663,588,102,178,36,4.0,34,96,75,72,22,5,0.303,0.382,0.551,0.933,7.4,0,0,0.0,0.0,0,0,0.0,0,0,0,0,0,0,0,0,0,0,308,13,2.0,0.994,3.0,All-Star;Gold Glove CF;Silver Slugger CF,,7.4 WAR season; perennial 30/20 threat.,104-58,Set franchise record for runs scored (912)
P007,8,2033,Ian,,Red Sox,SP,,R,R,28,5'10,165,99,92,65,65,68,68,72,68,70,65,40,30,83,72,78,70,75,60,68,70,68,55,50.0,30.0,20.0,35.0,35.0,30.0,65.0,Middle-Middle,Up and In,Cross-Fire Delivery,"Outlier (velo),Fireballer,Hot Head,Five Tool,Workhorse",Compete Mode Tilt - 1ER drops 12pts,Weirdly good at random things,0,0,0,0,0,0,0.0,0,0,0,0,0,0,0.0,0.0,0.0,0.0,9.0,18,5,2.25,0.92,0,33,218.0,142,55,295,42,12,0,0,0,3,1,10,22,0.0,1.0,0.0,All-Star;Led in Strikeouts,,Workhorse — 295 K's despite no Cy Young.,104-58,Set franchise record for runs scored (912)
P008,8,2033,Griffin,,Red Sox,LF,CF,R,R,29,6'1,185,85,86,69,88,70,87,93,51,93,50,40,31,74,66,53,35,29,45,50,76,55,60,55.0,30.0,15.0,25.0,35.0,40.0,65.0,Any Fastball,Any Breaking Ball,Slight Crouch Still,"Outlier (vision),Bomber,One Trick Pony,Lazy,Fastball Hunter",Osu Brain - locks only on FB,Only plays osu,144,596,540,92,156,30,1.0,40,102,56,72,6,3,0.289,0.356,0.57,0.926,4.2,0,0,0.0,0.0,0,0,0.0,0,0,0,0,0,0,0,0,0,0,252,8,8.0,0.97,2.0,All-Star;Silver Slugger LF,,Career-high 40 HR season — All-Star LF.,104-58,Set franchise record for runs scored (912)
P009,8,2033,Caden,The Enigma,Red Sox,RP,CP,R,R,28,5'11,170,87,83,55,60,45,50,60,50,55,45,30,25,68,65,80,60,90,55,55,75,55,80,,,,,,,40.0,Mystery,Funky Low 3/4,"Ghost,Sprinter,Pressure Cooker,Mystery Man",Disappears 4 games at a time,Nobody knows anything,0,0,0,0,0,0,0,0.0,0,0,0,0,0,0,0.0,0.0,0.0,0.0,4.0,4,2,1.95,0.94,70,0,80.0,56,17,112,22,4,48,2,2,0,0,4,8,0.0,1.0,0.0,All-Star;Led in Saves;Reliever of the Year,,Hat trick of Reliever of the Year awards.,104-58,Set franchise record for runs scored (912)
P010,8,2033,Ronin,,Red Sox,2B,CF/LF/RF,L,R,28,5'8,170,82,85,41,65,58,87,68,29,65,20,57,73,79,37,84,77,93,70,68,82,66,15,70.0,25.0,5.0,30.0,30.0,40.0,82.0,Middle-In,Off Plate,Aggressive Open Big Stride,"Speedster,Bomber,Hot Head,Free Swinger,Rally Killer",Reasonless Rage / 25% ejection,Gets really mad no reasoning,132,520,498,76,124,18,4.0,24,60,22,80,22,8,0.249,0.281,0.446,0.727,0.8,0,0,0.0,0.0,0,0,0.0,0,0,0,0,0,0,0,0,0,0,208,290,11.0,0.978,14.0,,,Another solid 20/20 year.,104-58,Set franchise record for runs scored (912)
P011,8,2033,Keaton,My Bigness,Red Sox,1B,3B/DH,R,R,29,6'4,270,84,87,57,68,69,92,62,52,62,50,27,6,90,92,18,9,13,58,62,85,62,75,80.0,18.0,2.0,22.0,28.0,50.0,60.0,Inner Half Belt-High,Outside Corner,Massive Square No Stride,"Bomber,Crowd Pleaser,Trash Talker,Insecure,Pull Hitter",Pull Only - refuses oppo,Best trash talker of all time,152,610,558,80,138,24,0.0,32,88,52,108,1,1,0.247,0.311,0.462,0.774,1.6,0,0,0.0,0.0,0,0,0.0,0,0,0,0,0,0,0,0,0,0,1135,122,8.0,0.994,110.0,,,"Career-best 1.6 WAR — full health, real production.",104-58,Set franchise record for runs scored (912)
P001,9,2034,Cyris Sullivan,Cream Machine,Red Sox,2B,SS,R,R,29,5'7,145,92,92,99,93,31,47,99,94,99,94,94,95,76,98,66,70,85,92,98,75,88,96,30.0,45.0,25.0,55.0,35.0,10.0,38.0,Low Away/Low Middle,High Inside,Crouched Open,"Bad Ball Hitter,Pressure Cooker,Table Setter,Contact Hitter",Tilt Mode after 2 Ks,Always clutch in ranked,148,648,562,108,185,40,3.0,16,76,86,58,30,6,0.329,0.418,0.496,0.915,7.2,0,0,0.0,0.0,0,0,0.0,0,0,0,0,0,0,0,0,0,0,168,365,4.0,0.993,26.0,MVP;All-Star;Gold Glove 2B;Silver Slugger 2B,,First MVP at age 29 with 7.2 WAR — anchored the middle infield.,108-54,Franchise record 108 wins; lost in ALCS
P002,9,2034,Shea Harrison,,Red Sox,1B,3B/DH,L,R,30,5'9,215,84,84,65,53,68,98,59,50,59,40,25,21,90,94,22,21,31,56,56,78,56,70,75.0,20.0,5.0,25.0,25.0,50.0,72.0,Middle In Belt-High,Outside/High Heat,Open Wide w/ Leg Kick,"Crowd Pleaser,Dead Red,Bomber,Free Swinger",Empty Stadium Slump,Only tries when watched,158,650,610,96,158,22,0.0,45,116,40,128,2,1,0.259,0.305,0.516,0.821,2.4,0,0,0.0,0.0,0,0,0.0,0,0,0,0,0,0,0,0,0,0,4,0,0.0,1.0,0.0,All-Star;Silver Slugger 1B,,"Another All-Star; 45 HR, 116 RBI.",108-54,Franchise record 108 wins; lost in ALCS
P003,9,2034,Jaedan,The Otaku,Red Sox,RF,,R,R,29,6'2,155,81,80,66,74,60,77,72,56,72,55,38,37,59,39,48,46,80,70,65,88,72,30,50.0,30.0,20.0,30.0,35.0,35.0,60.0,Middle/Middle-Up,Low Away,Tall Upright,"Outlier (arm),Showboat,Glamour Stats",One and Done,Bat flips guaranteed,118,470,442,60,108,20,1.0,22,62,28,74,10,3,0.244,0.289,0.443,0.733,1.8,0,0,0.0,0.0,0,0,0.0,0,0,0,0,0,0,0,0,0,0,205,10,4.0,0.982,2.0,,,Slight regression but still 22-HR power threat.,108-54,Franchise record 108 wins; lost in ALCS
P004,9,2034,Gui,Acid Chair,Red Sox,C,3B/1B,R,R,30,5'10,195,89,88,76,81,46,64,88,82,88,88,62,35,79,72,53,33,46,87,83,81,86,78,40.0,25.0,35.0,45.0,20.0,35.0,,High Inside FB,Balanced Square,"Pitch Whisperer,Defensive Wizard,Hot Head,Selective Hitter",Anime distractions/3x ejection rate,Knows too much about anime,0,138,550,482,78,145,30,1.0,22,74,68,52,6,2,0.301,0.387,0.504,0.891,6.8,0,0,0.0,0.0,0,0,0.0,0,0,0,0,0,0,0,0,0,0,1382,106,1.0,1.0,23.0,All-Star;Gold Glove C;Silver Slugger C;Platinum Glove,,Fifth straight Gold Glove and Platinum Glove.,108-54,Franchise record 108 wins; lost in ALCS
P005,9,2034,Carlos,Kevin G,Red Sox,3B,1B/DH,R,R,29,6'3,230,82,81,47,51,99,99,44,41,43,30,24,17,86,69,21,13,15,55,49,86,64,45,65.0,25.0,10.0,20.0,25.0,55.0,78.0,Middle-Middle,Any Corner,Wide Closed No Stride,"Mistake Hitter,Bomber,Stubborn,Hot Head,First Pitch Hitter",Brainrot Focus / 30% first pitch swing,Only good at brainrot Roblox,148,586,552,78,124,20,1.0,36,94,34,146,0,0,0.225,0.27,0.46,0.73,1.2,0,0,0.0,0.0,0,0,0.0,0,0,0,0,0,0,0,0,0,0,1198,92,8.0,0.993,100.0,,,36 HR power; defense slipping at first.,108-54,Franchise record 108 wins; lost in ALCS
P006,9,2034,Marcus,Marquis,Red Sox,CF,,R,R,30,5'11,175,89,90,63,74,60,73,81,80,81,75,61,66,82,97,70,61,51,82,84,79,78,93,40.0,40.0,20.0,40.0,40.0,20.0,50.0,Middle-Middle,Familiar Pitchers,Textbook Square,"Cool Customer,Quick Learner,Late Bloomer,Clutch Hitter",Refuses scouting reports,Calm lazy genius,152,673,595,108,185,38,3.0,36,102,78,74,24,5,0.311,0.391,0.566,0.957,7.8,0,0,0.0,0.0,0,0,0.0,0,0,0,0,0,0,0,0,0,0,312,14,2.0,0.994,3.0,MVP;All-Star;Gold Glove CF;Silver Slugger CF,,Second MVP; 36 HR / 24 SB monster year.,108-54,Franchise record 108 wins; lost in ALCS
P007,9,2034,Ian,,Red Sox,SP,,R,R,29,5'10,165,99,92,65,65,68,68,72,68,70,65,40,30,83,72,78,70,75,60,68,70,68,55,50.0,30.0,20.0,35.0,35.0,30.0,65.0,Middle-Middle,Up and In,Cross-Fire Delivery,"Outlier (velo),Fireballer,Hot Head,Five Tool,Workhorse",Compete Mode Tilt - 1ER drops 12pts,Weirdly good at random things,0,0,0,0,0,0,0.0,0,0,0,0,0,0,0.0,0.0,0.0,0.0,9.0,20,4,2.1,0.88,0,33,224.1,138,52,312,38,11,0,0,0,4,2,12,24,1.0,0.973,0.0,Cy Young;All-Star;Led in Wins;Led in ERA;Led in Strikeouts,,"Third Cy Young; 312 K, sub-2.20 ERA.",108-54,Franchise record 108 wins; lost in ALCS
P008,9,2034,Griffin,,Red Sox,LF,CF,R,R,30,6'1,185,85,86,69,88,70,87,93,51,93,50,40,31,74,66,53,35,29,45,50,76,55,60,55.0,30.0,15.0,25.0,35.0,40.0,65.0,Any Fastball,Any Breaking Ball,Slight Crouch Still,"Outlier (vision),Bomber,One Trick Pony,Lazy,Fastball Hunter",Osu Brain - locks only on FB,Only plays osu,140,580,528,86,145,28,0.0,36,94,52,74,5,2,0.275,0.34,0.532,0.872,3.4,0,0,0.0,0.0,0,0,0.0,0,0,0,0,0,0,0,0,0,0,245,7,9.0,0.966,2.0,Silver Slugger LF,,Power steady at 36 HR — Silver Slugger again.,108-54,Franchise record 108 wins; lost in ALCS
P009,9,2034,Caden,The Enigma,Red Sox,RP,CP,R,R,29,5'11,170,87,83,55,60,45,50,60,50,55,45,30,25,68,65,80,60,90,55,55,75,55,80,,,,,,,40.0,Mystery,Funky Low 3/4,"Ghost,Sprinter,Pressure Cooker,Mystery Man",Disappears 4 games at a time,Nobody knows anything,0,0,0,0,0,0,0,0.0,0,0,0,0,0,0,0.0,0.0,0.0,0.0,4.0,5,1,1.75,0.88,72,0,82.1,52,16,118,18,3,65,1,1,0,0,5,10,0.0,1.0,0.0,All-Star;Led in Saves;Reliever of the Year,MLB Single-Season Saves Record (65),Set the all-time single-season saves record (65).,108-54,Franchise record 108 wins; lost in ALCS
P010,9,2034,Ronin,,Red Sox,2B,CF/LF/RF,L,R,29,5'8,170,82,85,41,65,58,87,68,29,65,20,57,73,79,37,84,77,93,70,68,82,66,15,70.0,25.0,5.0,30.0,30.0,40.0,82.0,Middle-In,Off Plate,Aggressive Open Big Stride,"Speedster,Bomber,Hot Head,Free Swinger,Rally Killer",Reasonless Rage / 25% ejection,Gets really mad no reasoning,124,486,466,66,112,16,3.0,20,52,20,82,18,7,0.24,0.272,0.416,0.688,0.2,0,0,0.0,0.0,0,0,0.0,0,0,0,0,0,0,0,0,0,0,195,270,12.0,0.975,12.0,,,Counting stats sliding — first sub-1.0 WAR year in a while.,108-54,Franchise record 108 wins; lost in ALCS
P011,9,2034,Keaton,My Bigness,Red Sox,1B,3B/DH,R,R,30,6'4,270,84,87,57,68,69,92,62,52,62,50,27,6,90,92,18,9,13,58,62,85,62,75,80.0,18.0,2.0,22.0,28.0,50.0,60.0,Inner Half Belt-High,Outside Corner,Massive Square No Stride,"Bomber,Crowd Pleaser,Trash Talker,Insecure,Pull Hitter",Pull Only - refuses oppo,Best trash talker of all time,148,586,540,72,128,20,0.0,28,78,46,112,1,1,0.237,0.297,0.43,0.727,0.8,0,0,0.0,0.0,0,0,0.0,0,0,0,0,0,0,0,0,0,0,1110,118,9.0,0.992,105.0,,,Reliable 28-HR season; bottom-of-order presence.,108-54,Franchise record 108 wins; lost in ALCS
P001,10,2035,Cyris Sullivan,Cream Machine,Red Sox,2B,SS,R,R,30,5'7,145,92,92,99,93,31,47,99,94,99,94,94,95,76,98,66,70,85,92,98,75,88,96,30.0,45.0,25.0,55.0,35.0,10.0,38.0,Low Away/Low Middle,High Inside,Crouched Open,"Bad Ball Hitter,Pressure Cooker,Table Setter,Contact Hitter",Tilt Mode after 2 Ks,Always clutch in ranked,152,670,580,118,212,45,3.0,18,84,90,62,33,6,0.366,0.451,0.547,0.997,8.1,0,0,0.0,0.0,0,0,0.0,0,0,0,0,0,0,0,0,0,0,172,372,3.0,0.995,28.0,World Series;MVP;All-Star;Gold Glove 2B;Silver Slugger 2B;Batting Title,MLB Single-Season Hits Record by a Second Baseman (212),"Career year: hits record by a 2B (212), MVP, third ring.",111-51,AL Pennant; WORLD SERIES CHAMPIONS (3rd); franchise record 111 wins
P002,10,2035,Shea Harrison,,Red Sox,1B,3B/DH,L,R,31,5'9,215,84,84,65,53,68,98,59,50,59,40,25,21,90,94,22,21,31,56,56,78,56,70,75.0,20.0,5.0,25.0,25.0,50.0,72.0,Middle In Belt-High,Outside/High Heat,Open Wide w/ Leg Kick,"Crowd Pleaser,Dead Red,Bomber,Free Swinger",Empty Stadium Slump,Only tries when watched,160,664,622,102,168,26,0.0,48,124,42,124,1,0,0.27,0.316,0.543,0.86,3.0,0,0,0.0,0.0,0,0,0.0,0,0,0,0,0,0,0,0,0,0,5,0,0.0,1.0,1.0,World Series;All-Star;Silver Slugger 1B;Led in HR;Led in RBI,,Career year — 48 HR / 124 RBI; third ring.,111-51,AL Pennant; WORLD SERIES CHAMPIONS (3rd); franchise record 111 wins
P003,10,2035,Jaedan,The Otaku,Red Sox,RF,,R,R,30,6'2,155,81,80,66,74,60,77,72,56,72,55,38,37,59,39,48,46,80,70,65,88,72,30,50.0,30.0,20.0,30.0,35.0,35.0,60.0,Middle/Middle-Up,Low Away,Tall Upright,"Outlier (arm),Showboat,Glamour Stats",One and Done,Bat flips guaranteed,95,372,350,42,78,14,1.0,14,42,22,68,7,3,0.223,0.269,0.389,0.657,0.4,0,0,0.0,0.0,0,0,0.0,0,0,0,0,0,0,0,0,0,0,168,8,5.0,0.972,1.0,World Series,,Third ring; reduced role but contributed off the bench.,111-51,AL Pennant; WORLD SERIES CHAMPIONS (3rd); franchise record 111 wins
P004,10,2035,Gui,Acid Chair,Red Sox,C,3B/1B,R,R,31,5'10,195,89,88,76,81,46,64,88,82,88,88,62,35,79,72,53,33,46,87,83,81,86,78,40.0,25.0,35.0,45.0,20.0,35.0,,High Inside FB,Balanced Square,"Pitch Whisperer,Defensive Wizard,Hot Head,Selective Hitter",Anime distractions/3x ejection rate,Knows too much about anime,0,136,548,478,80,148,32,2.0,24,76,70,50,5,2,0.31,0.398,0.536,0.933,7.1,0,0,0.0,0.0,0,0,0.0,0,0,0,0,0,0,0,0,0,0,1395,110,1.0,1.0,24.0,World Series;World Series MVP;All-Star;Gold Glove C;Silver Slugger C;Platinum Glove,,Second World Series MVP! Third ring.,111-51,AL Pennant; WORLD SERIES CHAMPIONS (3rd); franchise record 111 wins
P005,10,2035,Carlos,Kevin G,Red Sox,3B,1B/DH,R,R,30,6'3,230,82,81,47,51,99,99,44,41,43,30,24,17,86,69,21,13,15,55,49,86,64,45,65.0,25.0,10.0,20.0,25.0,55.0,78.0,Middle-Middle,Any Corner,Wide Closed No Stride,"Mistake Hitter,Bomber,Stubborn,Hot Head,First Pitch Hitter",Brainrot Focus / 30% first pitch swing,Only good at brainrot Roblox,142,562,532,70,114,18,0.0,32,84,30,148,0,0,0.214,0.256,0.429,0.685,0.6,0,0,0.0,0.0,0,0,0.0,0,0,0,0,0,0,0,0,0,0,1170,88,9.0,0.992,96.0,World Series,,Third ring; quieter power year (32 HR).,111-51,AL Pennant; WORLD SERIES CHAMPIONS (3rd); franchise record 111 wins
P006,10,2035,Marcus,Marquis,Red Sox,CF,,R,R,31,5'11,175,89,90,63,74,60,73,81,80,81,75,61,66,82,97,70,61,51,82,84,79,78,93,40.0,40.0,20.0,40.0,40.0,20.0,50.0,Middle-Middle,Familiar Pitchers,Textbook Square,"Cool Customer,Quick Learner,Late Bloomer,Clutch Hitter",Refuses scouting reports,Calm lazy genius,154,680,600,112,188,40,4.0,38,110,80,70,26,4,0.313,0.394,0.583,0.977,8.4,0,0,0.0,0.0,0,0,0.0,0,0,0,0,0,0,0,0,0,0,315,15,2.0,0.994,4.0,World Series;MVP;All-Star;Gold Glove CF;Silver Slugger CF,,"Third MVP, third ring — peak year (8.4 WAR).",111-51,AL Pennant; WORLD SERIES CHAMPIONS (3rd); franchise record 111 wins
P007,10,2035,Ian,,Red Sox,SP,,R,R,30,5'10,165,99,92,65,65,68,68,72,68,70,65,40,30,83,72,78,70,75,60,68,70,68,55,50.0,30.0,20.0,35.0,35.0,30.0,65.0,Middle-Middle,Up and In,Cross-Fire Delivery,"Outlier (velo),Fireballer,Hot Head,Five Tool,Workhorse",Compete Mode Tilt - 1ER drops 12pts,Weirdly good at random things,0,0,0,0,0,0,0.0,0,0,0,0,0,0,0.0,0.0,0.0,0.0,9.0,22,3,1.95,0.85,0,33,230.0,132,50,348,36,10,0,0,0,4,2,11,26,0.0,1.0,0.0,World Series;Cy Young;All-Star;Led in Wins;Led in ERA;Led in Strikeouts,,"Fourth Cy Young + third ring — 22-3, 348 K's.",111-51,AL Pennant; WORLD SERIES CHAMPIONS (3rd); franchise record 111 wins
P008,10,2035,Griffin,,Red Sox,LF,CF,R,R,31,6'1,185,85,86,69,88,70,87,93,51,93,50,40,31,74,66,53,35,29,45,50,76,55,60,55.0,30.0,15.0,25.0,35.0,40.0,65.0,Any Fastball,Any Breaking Ball,Slight Crouch Still,"Outlier (vision),Bomber,One Trick Pony,Lazy,Fastball Hunter",Osu Brain - locks only on FB,Only plays osu,142,586,532,88,148,27,1.0,38,98,54,70,4,3,0.278,0.345,0.547,0.892,4.0,0,0,0.0,0.0,0,0,0.0,0,0,0,0,0,0,0,0,0,0,248,8,9.0,0.966,2.0,World Series;All-Star;Silver Slugger LF,,"Third ring; 38 HR, 98 RBI All-Star year.",111-51,AL Pennant; WORLD SERIES CHAMPIONS (3rd); franchise record 111 wins
P009,10,2035,Caden,The Enigma,Red Sox,RP,CP,R,R,30,5'11,170,87,83,55,60,45,50,60,50,55,45,30,25,68,65,80,60,90,55,55,75,55,80,,,,,,,40.0,Mystery,Funky Low 3/4,"Ghost,Sprinter,Pressure Cooker,Mystery Man",Disappears 4 games at a time,Nobody knows anything,0,0,0,0,0,0,0,0.0,0,0,0,0,0,0,0.0,0.0,0.0,0.0,4.0,4,2,1.85,0.92,70,0,78.0,55,16,110,20,4,52,2,2,0,0,4,8,0.0,1.0,0.0,World Series;All-Star;Led in Saves;Reliever of the Year,,Third ring; fifth straight Reliever of the Year.,111-51,AL Pennant; WORLD SERIES CHAMPIONS (3rd); franchise record 111 wins
P010,10,2035,Ronin,,Red Sox,2B,CF/LF/RF,L,R,30,5'8,170,82,85,41,65,58,87,68,29,65,20,57,73,79,37,84,77,93,70,68,82,66,15,70.0,25.0,5.0,30.0,30.0,40.0,82.0,Middle-In,Off Plate,Aggressive Open Big Stride,"Speedster,Bomber,Hot Head,Free Swinger,Rally Killer",Reasonless Rage / 25% ejection,Gets really mad no reasoning,118,458,440,56,100,14,2.0,17,44,18,84,14,6,0.227,0.258,0.384,0.642,-0.4,0,0,0.0,0.0,0,0,0.0,0,0,0,0,0,0,0,0,0,0,180,250,12.0,0.973,10.0,World Series,,Third ring as a part-time starter.,111-51,AL Pennant; WORLD SERIES CHAMPIONS (3rd); franchise record 111 wins
P011,10,2035,Keaton,My Bigness,Red Sox,1B,3B/DH,R,R,31,6'4,270,84,87,57,68,69,92,62,52,62,50,27,6,90,92,18,9,13,58,62,85,62,75,80.0,18.0,2.0,22.0,28.0,50.0,60.0,Inner Half Belt-High,Outside Corner,Massive Square No Stride,"Bomber,Crowd Pleaser,Trash Talker,Insecure,Pull Hitter",Pull Only - refuses oppo,Best trash talker of all time,142,560,518,64,116,18,0.0,26,72,42,114,0,0,0.224,0.282,0.409,0.691,0.4,0,0,0.0,0.0,0,0,0.0,0,0,0,0,0,0,0,0,0,0,1080,110,10.0,0.991,100.0,World Series,,Third ring; reduced power but solid contributor.,111-51,AL Pennant; WORLD SERIES CHAMPIONS (3rd); franchise record 111 wins
P001,11,2036,Cyris Sullivan,Cream Machine,Red Sox,2B,SS,R,R,31,5'7,145,92,92,99,93,31,47,99,94,99,94,94,95,76,98,66,70,85,92,98,75,88,96,30.0,45.0,25.0,55.0,35.0,10.0,38.0,Low Away/Low Middle,High Inside,Crouched Open,"Bad Ball Hitter,Pressure Cooker,Table Setter,Contact Hitter",Tilt Mode after 2 Ks,Always clutch in ranked,149,646,562,110,188,38,2.0,17,78,84,65,29,7,0.335,0.421,0.5,0.921,7.0,0,0,0.0,0.0,0,0,0.0,0,0,0,0,0,0,0,0,0,0,160,358,5.0,0.991,24.0,All-Star;Gold Glove 2B;Silver Slugger 2B,,Repeat trifecta at 2B; 7.0 WAR.,99-63,"Set franchise pitching strikeout record (1,654); lost in ALCS"
P002,11,2036,Shea Harrison,,Red Sox,1B,3B/DH,L,R,32,5'9,215,84,84,65,53,68,98,59,50,59,40,25,21,90,94,22,21,31,56,56,78,56,70,75.0,20.0,5.0,25.0,25.0,50.0,72.0,Middle In Belt-High,Outside/High Heat,Open Wide w/ Leg Kick,"Crowd Pleaser,Dead Red,Bomber,Free Swinger",Empty Stadium Slump,Only tries when watched,157,634,598,88,152,22,1.0,43,110,36,130,2,1,0.254,0.297,0.51,0.807,1.8,0,0,0.0,0.0,0,0,0.0,0,0,0,0,0,0,0,0,0,0,4,0,0.0,1.0,0.0,Silver Slugger 1B,,43 HR encore — fifth career Silver Slugger DH.,99-63,"Set franchise pitching strikeout record (1,654); lost in ALCS"
P003,11,2036,Jaedan,The Otaku,Red Sox,RF,,R,R,31,6'2,155,81,80,66,74,60,77,72,56,72,55,38,37,59,39,48,46,80,70,65,88,72,30,50.0,30.0,20.0,30.0,35.0,35.0,60.0,Middle/Middle-Up,Low Away,Tall Upright,"Outlier (arm),Showboat,Glamour Stats",One and Done,Bat flips guaranteed,88,340,320,36,72,12,1.0,12,38,20,72,6,2,0.225,0.271,0.381,0.652,-0.2,0,0,0.0,0.0,0,0,0.0,0,0,0,0,0,0,0,0,0,0,152,7,6.0,0.964,1.0,,,Lost his starting job; sub-replacement WAR.,99-63,"Set franchise pitching strikeout record (1,654); lost in ALCS"
P004,11,2036,Gui,Acid Chair,Red Sox,C,3B/1B,R,R,32,5'10,195,89,88,76,81,46,64,88,82,88,88,62,35,79,72,53,33,46,87,83,81,86,78,40.0,25.0,35.0,45.0,20.0,35.0,,High Inside FB,Balanced Square,"Pitch Whisperer,Defensive Wizard,Hot Head,Selective Hitter",Anime distractions/3x ejection rate,Knows too much about anime,0,134,532,468,72,138,28,1.0,21,70,64,54,5,2,0.295,0.38,0.494,0.873,6.4,0,0,0.0,0.0,0,0,0.0,0,0,0,0,0,0,0,0,0,0,1370,102,2.0,0.999,22.0,All-Star;Gold Glove C;Silver Slugger C,,Sixth Gold Glove; perennial All-Star catcher.,99-63,"Set franchise pitching strikeout record (1,654); lost in ALCS"
P005,11,2036,Carlos,Kevin G,Red Sox,3B,1B/DH,R,R,31,6'3,230,82,81,47,51,99,99,44,41,43,30,24,17,86,69,21,13,15,55,49,86,64,45,65.0,25.0,10.0,20.0,25.0,55.0,78.0,Middle-Middle,Any Corner,Wide Closed No Stride,"Mistake Hitter,Bomber,Stubborn,Hot Head,First Pitch Hitter",Brainrot Focus / 30% first pitch swing,Only good at brainrot Roblox,135,530,502,60,100,14,0.0,28,72,28,146,0,0,0.199,0.242,0.394,0.636,0.0,0,0,0.0,0.0,0,0,0.0,0,0,0,0,0,0,0,0,0,0,1110,80,10.0,0.99,90.0,,,Replacement-level year — strikeouts caught up.,99-63,"Set franchise pitching strikeout record (1,654); lost in ALCS"
P006,11,2036,Marcus,Marquis,Red Sox,CF,,R,R,32,5'11,175,89,90,63,74,60,73,81,80,81,75,61,66,82,97,70,61,51,82,84,79,78,93,40.0,40.0,20.0,40.0,40.0,20.0,50.0,Middle-Middle,Familiar Pitchers,Textbook Square,"Cool Customer,Quick Learner,Late Bloomer,Clutch Hitter",Refuses scouting reports,Calm lazy genius,150,658,582,104,174,36,3.0,34,98,76,76,22,5,0.299,0.38,0.546,0.926,7.0,0,0,0.0,0.0,0,0,0.0,0,0,0,0,0,0,0,0,0,0,305,13,3.0,0.99,3.0,All-Star;Gold Glove CF;Silver Slugger CF,,7.0 WAR; somehow not even his best year.,99-63,"Set franchise pitching strikeout record (1,654); lost in ALCS"
P007,11,2036,Ian,,Red Sox,SP,,R,R,31,5'10,165,99,92,65,65,68,68,72,68,70,65,40,30,83,72,78,70,75,60,68,70,68,55,50.0,30.0,20.0,35.0,35.0,30.0,65.0,Middle-Middle,Up and In,Cross-Fire Delivery,"Outlier (velo),Fireballer,Hot Head,Five Tool,Workhorse",Compete Mode Tilt - 1ER drops 12pts,Weirdly good at random things,0,0,0,0,0,0,0.0,0,0,0,0,0,0,0.0,0.0,0.0,0.0,9.0,19,5,2.18,0.91,0,33,222.0,140,54,388,32,12,0,0,0,3,2,10,22,0.0,1.0,0.0,Cy Young;All-Star;Led in Strikeouts;Led in ERA,MLB Modern-Era Single-Season Strikeouts Record (388),Set the modern strikeout record at 388 — fifth Cy Young.,99-63,"Set franchise pitching strikeout record (1,654); lost in ALCS"
P008,11,2036,Griffin,,Red Sox,LF,CF,R,R,32,6'1,185,85,86,69,88,70,87,93,51,93,50,40,31,74,66,53,35,29,45,50,76,55,60,55.0,30.0,15.0,25.0,35.0,40.0,65.0,Any Fastball,Any Breaking Ball,Slight Crouch Still,"Outlier (vision),Bomber,One Trick Pony,Lazy,Fastball Hunter",Osu Brain - locks only on FB,Only plays osu,138,568,518,80,138,25,0.0,32,88,50,72,4,2,0.266,0.331,0.5,0.831,2.6,0,0,0.0,0.0,0,0,0.0,0,0,0,0,0,0,0,0,0,0,235,6,10.0,0.96,2.0,,,Out of the All-Star game for first time in years.,99-63,"Set franchise pitching strikeout record (1,654); lost in ALCS"
P009,11,2036,Caden,The Enigma,Red Sox,RP,CP,R,R,31,5'11,170,87,83,55,60,45,50,60,50,55,45,30,25,68,65,80,60,90,55,55,75,55,80,,,,,,,40.0,Mystery,Funky Low 3/4,"Ghost,Sprinter,Pressure Cooker,Mystery Man",Disappears 4 games at a time,Nobody knows anything,0,0,0,0,0,0,0,0.0,0,0,0,0,0,0,0.0,0.0,0.0,0.0,3.5,3,3,2.15,0.98,68,0,75.0,58,18,100,22,5,44,2,3,0,0,3,7,0.0,1.0,0.0,All-Star,,"Still elite — 44 saves, sub-2.20 ERA.",99-63,"Set franchise pitching strikeout record (1,654); lost in ALCS"
P010,11,2036,Ronin,,Red Sox,2B,CF/LF/RF,L,R,31,5'8,170,82,85,41,65,58,87,68,29,65,20,57,73,79,37,84,77,93,70,68,82,66,15,70.0,25.0,5.0,30.0,30.0,40.0,82.0,Middle-In,Off Plate,Aggressive Open Big Stride,"Speedster,Bomber,Hot Head,Free Swinger,Rally Killer",Reasonless Rage / 25% ejection,Gets really mad no reasoning,102,386,372,44,80,12,2.0,13,34,14,80,10,5,0.215,0.244,0.363,0.606,-0.8,0,0,0.0,0.0,0,0,0.0,0,0,0,0,0,0,0,0,0,0,152,215,13.0,0.966,8.0,,,First negative-WAR full season.,99-63,"Set franchise pitching strikeout record (1,654); lost in ALCS"
P011,11,2036,Keaton,My Bigness,Red Sox,1B,3B/DH,R,R,32,6'4,270,84,87,57,68,69,92,62,52,62,50,27,6,90,92,18,9,13,58,62,85,62,75,80.0,18.0,2.0,22.0,28.0,50.0,60.0,Inner Half Belt-High,Outside Corner,Massive Square No Stride,"Bomber,Crowd Pleaser,Trash Talker,Insecure,Pull Hitter",Pull Only - refuses oppo,Best trash talker of all time,132,508,472,52,96,14,0.0,22,60,36,112,0,0,0.203,0.26,0.373,0.633,-0.4,0,0,0.0,0.0,0,0,0.0,0,0,0,0,0,0,0,0,0,0,1010,100,11.0,0.99,92.0,,,First non-30-HR season since rookie year.,99-63,"Set franchise pitching strikeout record (1,654); lost in ALCS"
P001,12,2037,Cyris Sullivan,Cream Machine,Red Sox,2B,SS,R,R,32,5'7,145,92,92,99,93,31,47,99,94,99,94,94,95,76,98,66,70,85,92,98,75,88,96,30.0,45.0,25.0,55.0,35.0,10.0,38.0,Low Away/Low Middle,High Inside,Crouched Open,"Bad Ball Hitter,Pressure Cooker,Table Setter,Contact Hitter",Tilt Mode after 2 Ks,Always clutch in ranked,144,616,540,96,172,35,1.0,14,70,76,64,24,6,0.319,0.403,0.465,0.867,6.0,0,0,0.0,0.0,0,0,0.0,0,0,0,0,0,0,0,0,0,0,152,348,6.0,0.988,22.0,All-Star;Gold Glove 2B,,Sixth straight Gold Glove — also logged 30+ games at SS.,95-67,AL East Title; lost in ALDS
P002,12,2037,Shea Harrison,,Red Sox,1B,3B/DH,L,R,33,5'9,215,84,84,65,53,68,98,59,50,59,40,25,21,90,94,22,21,31,56,56,78,56,70,75.0,20.0,5.0,25.0,25.0,50.0,72.0,Middle In Belt-High,Outside/High Heat,Open Wide w/ Leg Kick,"Crowd Pleaser,Dead Red,Bomber,Free Swinger",Empty Stadium Slump,Only tries when watched,152,614,580,80,142,20,0.0,38,100,34,134,1,0,0.245,0.287,0.476,0.763,1.0,0,0,0.0,0.0,0,0,0.0,0,0,0,0,0,0,0,0,0,0,3,0,0.0,1.0,0.0,,,First non-award full season; still 38 HR.,95-67,AL East Title; lost in ALDS
P003,12,2037,Jaedan,The Otaku,Red Sox,RF,,R,R,32,6'2,155,81,80,66,74,60,77,72,56,72,55,38,37,59,39,48,46,80,70,65,88,72,30,50.0,30.0,20.0,30.0,35.0,35.0,60.0,Middle/Middle-Up,Low Away,Tall Upright,"Outlier (arm),Showboat,Glamour Stats",One and Done,Bat flips guaranteed,62,234,220,22,46,8,0.0,7,22,14,56,3,2,0.209,0.256,0.341,0.597,-0.8,0,0,0.0,0.0,0,0,0.0,0,0,0,0,0,0,0,0,0,0,105,5,5.0,0.957,1.0,,,Bench role solidified; bat speed declining.,95-67,AL East Title; lost in ALDS
P004,12,2037,Gui,Acid Chair,Red Sox,C,3B/1B,R,R,33,5'10,195,89,88,76,81,46,64,88,82,88,88,62,35,79,72,53,33,46,87,83,81,86,78,40.0,25.0,35.0,45.0,20.0,35.0,,High Inside FB,Balanced Square,"Pitch Whisperer,Defensive Wizard,Hot Head,Selective Hitter",Anime distractions/3x ejection rate,Knows too much about anime,0,128,502,442,66,124,24,1.0,18,64,60,56,4,2,0.281,0.367,0.462,0.828,5.7,0,0,0.0,0.0,0,0,0.0,0,0,0,0,0,0,0,0,0,0,1340,96,2.0,0.999,21.0,All-Star;Gold Glove C;Platinum Glove,MLB Career Record: Most Putouts by a Catcher,Set the career putouts record by a catcher.,95-67,AL East Title; lost in ALDS
P005,12,2037,Carlos,Kevin G,Red Sox,3B,1B/DH,R,R,32,6'3,230,82,81,47,51,99,99,44,41,43,30,24,17,86,69,21,13,15,55,49,86,64,45,65.0,25.0,10.0,20.0,25.0,55.0,78.0,Middle-Middle,Any Corner,Wide Closed No Stride,"Mistake Hitter,Bomber,Stubborn,Hot Head,First Pitch Hitter",Brainrot Focus / 30% first pitch swing,Only good at brainrot Roblox,122,470,448,50,86,12,0.0,22,60,22,138,0,0,0.192,0.23,0.366,0.596,-0.6,0,0,0.0,0.0,0,0,0.0,0,0,0,0,0,0,0,0,0,0,1000,70,11.0,0.99,80.0,,,First negative WAR since sophomore slump.,95-67,AL East Title; lost in ALDS
P006,12,2037,Marcus,Marquis,Red Sox,CF,,R,R,33,5'11,175,89,90,63,74,60,73,81,80,81,75,61,66,82,97,70,61,51,82,84,79,78,93,40.0,40.0,20.0,40.0,40.0,20.0,50.0,Middle-Middle,Familiar Pitchers,Textbook Square,"Cool Customer,Quick Learner,Late Bloomer,Clutch Hitter",Refuses scouting reports,Calm lazy genius,148,638,568,96,162,33,3.0,30,90,70,78,20,5,0.285,0.364,0.512,0.876,6.2,0,0,0.0,0.0,0,0,0.0,0,0,0,0,0,0,0,0,0,0,296,11,4.0,0.987,3.0,All-Star;Gold Glove CF,,Eighth Gold Glove; still elite both ways.,95-67,AL East Title; lost in ALDS
P007,12,2037,Ian,,Red Sox,SP,,R,R,32,5'10,165,99,92,65,65,68,68,72,68,70,65,40,30,83,72,78,70,75,60,68,70,68,55,50.0,30.0,20.0,35.0,35.0,30.0,65.0,Middle-Middle,Up and In,Cross-Fire Delivery,"Outlier (velo),Fireballer,Hot Head,Five Tool,Workhorse",Compete Mode Tilt - 1ER drops 12pts,Weirdly good at random things,0,0,0,0,0,0,0.0,0,0,0,0,0,0,0.0,0.0,0.0,0.0,9.0,17,6,2.45,0.96,0,33,212.0,152,58,310,42,14,0,0,0,2,1,9,20,1.0,0.967,0.0,All-Star;Led in Strikeouts,,17-6 follow-up; just missed Cy Young #6.,95-67,AL East Title; lost in ALDS
P008,12,2037,Griffin,,Red Sox,LF,CF,R,R,33,6'1,185,85,86,69,88,70,87,93,51,93,50,40,31,74,66,53,35,29,45,50,76,55,60,55.0,30.0,15.0,25.0,35.0,40.0,65.0,Any Fastball,Any Breaking Ball,Slight Crouch Still,"Outlier (vision),Bomber,One Trick Pony,Lazy,Fastball Hunter",Osu Brain - locks only on FB,Only plays osu,130,532,488,70,122,22,0.0,27,76,44,74,3,2,0.25,0.312,0.461,0.773,1.4,0,0,0.0,0.0,0,0,0.0,0,0,0,0,0,0,0,0,0,0,218,5,11.0,0.953,1.0,,,Bat speed dipping; sub-30 HR season.,95-67,AL East Title; lost in ALDS
P009,12,2037,Caden,The Enigma,Red Sox,RP,CP,R,R,32,5'11,170,87,83,55,60,45,50,60,50,55,45,30,25,68,65,80,60,90,55,55,75,55,80,,,,,,,40.0,Mystery,Funky Low 3/4,"Ghost,Sprinter,Pressure Cooker,Mystery Man",Disappears 4 games at a time,Nobody knows anything,0,0,0,0,0,0,0,0.0,0,0,0,0,0,0,0.0,0.0,0.0,0.0,2.5,3,4,2.65,1.08,62,0,68.0,62,20,86,24,6,36,3,4,0,0,2,6,1.0,0.889,0.0,400th Career Save,5th Pitcher to 400 Career Saves,Reached 400 career saves — fifth pitcher ever to do it.,95-67,AL East Title; lost in ALDS
P010,12,2037,Ronin,,Red Sox,2B,CF/LF/RF,L,R,32,5'8,170,82,85,41,65,58,87,68,29,65,20,57,73,79,37,84,77,93,70,68,82,66,15,70.0,25.0,5.0,30.0,30.0,40.0,82.0,Middle-In,Off Plate,Aggressive Open Big Stride,"Speedster,Bomber,Hot Head,Free Swinger,Rally Killer",Reasonless Rage / 25% ejection,Gets really mad no reasoning,78,276,268,28,56,8,1.0,8,22,8,64,6,3,0.209,0.232,0.336,0.568,-1.2,0,0,0.0,0.0,0,0,0.0,0,0,0,0,0,0,0,0,0,0,108,155,11.0,0.96,5.0,,,Bench-leaning utility role; appeared at five different positions.,95-67,AL East Title; lost in ALDS
P011,12,2037,Keaton,My Bigness,Red Sox,1B,3B/DH,R,R,33,6'4,270,84,87,57,68,69,92,62,52,62,50,27,6,90,92,18,9,13,58,62,85,62,75,80.0,18.0,2.0,22.0,28.0,50.0,60.0,Inner Half Belt-High,Outside Corner,Massive Square No Stride,"Bomber,Crowd Pleaser,Trash Talker,Insecure,Pull Hitter",Pull Only - refuses oppo,Best trash talker of all time,118,446,418,42,80,11,0.0,17,48,28,108,0,0,0.191,0.242,0.34,0.582,-0.8,0,0,0.0,0.0,0,0,0.0,0,0,0,0,0,0,0,0,0,0,905,88,11.0,0.989,82.0,,,Bat slowing; lost time to younger 1B.,95-67,AL East Title; lost in ALDS
P001,13,2038,Cyris Sullivan,Cream Machine,Red Sox,2B,SS,R,R,33,5'7,145,92,92,99,93,31,47,99,94,99,94,94,95,76,98,66,70,85,92,98,75,88,96,30.0,45.0,25.0,55.0,35.0,10.0,38.0,Low Away/Low Middle,High Inside,Crouched Open,"Bad Ball Hitter,Pressure Cooker,Table Setter,Contact Hitter",Tilt Mode after 2 Ks,Always clutch in ranked,140,600,528,88,162,32,1.0,13,65,72,68,20,6,0.307,0.39,0.445,0.835,5.4,0,0,0.0,0.0,0,0,0.0,0,0,0,0,0,0,0,0,0,0,145,338,7.0,0.986,21.0,World Series;All-Star,,"Fourth ring; All-Star season at age 33, played both MIF spots.",101-61,AL Pennant; WORLD SERIES CHAMPIONS (4th); end of dynasty core era
P002,13,2038,Shea Harrison,,Red Sox,1B,3B/DH,L,R,34,5'9,215,84,84,65,53,68,98,59,50,59,40,25,21,90,94,22,21,31,56,56,78,56,70,75.0,20.0,5.0,25.0,25.0,50.0,72.0,Middle In Belt-High,Outside/High Heat,Open Wide w/ Leg Kick,"Crowd Pleaser,Dead Red,Bomber,Free Swinger",Empty Stadium Slump,Only tries when watched,148,594,562,72,132,18,0.0,34,92,32,136,1,0,0.235,0.276,0.448,0.724,0.5,0,0,0.0,0.0,0,0,0.0,0,0,0,0,0,0,0,0,0,0,2,0,0.0,1.0,0.0,World Series;500th Career HR,5th Player to 500+ HR as a First Baseman,Fourth ring; hit his 500th career HR — fifth-ever DH to do it.,101-61,AL Pennant; WORLD SERIES CHAMPIONS (4th); end of dynasty core era
P003,13,2038,Jaedan,The Otaku,Red Sox,RF,,R,R,33,6'2,155,81,80,66,74,60,77,72,56,72,55,38,37,59,39,48,46,80,70,65,88,72,30,50.0,30.0,20.0,30.0,35.0,35.0,60.0,Middle/Middle-Up,Low Away,Tall Upright,"Outlier (arm),Showboat,Glamour Stats",One and Done,Bat flips guaranteed,65,192,180,20,38,7,1.0,6,20,12,52,2,1,0.211,0.26,0.361,0.622,-0.6,0,0,0.0,0.0,0,0,0.0,0,0,0,0,0,0,0,0,0,0,95,4,4.0,0.961,1.0,World Series,,Fourth ring as a fourth OF / pinch hitter.,101-61,AL Pennant; WORLD SERIES CHAMPIONS (4th); end of dynasty core era
P004,13,2038,Gui,Acid Chair,Red Sox,C,3B/1B,R,R,34,5'10,195,89,88,76,81,46,64,88,82,88,88,62,35,79,72,53,33,46,87,83,81,86,78,40.0,25.0,35.0,45.0,20.0,35.0,,High Inside FB,Balanced Square,"Pitch Whisperer,Defensive Wizard,Hot Head,Selective Hitter",Anime distractions/3x ejection rate,Knows too much about anime,0,120,462,408,58,110,21,1.0,14,56,54,58,3,1,0.27,0.355,0.429,0.784,4.6,0,0,0.0,0.0,0,0,0.0,0,0,0,0,0,0,0,0,0,0,1280,88,3.0,0.998,19.0,World Series;All-Star;Gold Glove C,,"Fourth ring; catching wear-and-tear shows, still elite.",101-61,AL Pennant; WORLD SERIES CHAMPIONS (4th); end of dynasty core era
P005,13,2038,Carlos,Kevin G,Red Sox,3B,1B/DH,R,R,33,6'3,230,82,81,47,51,99,99,44,41,43,30,24,17,86,69,21,13,15,55,49,86,64,45,65.0,25.0,10.0,20.0,25.0,55.0,78.0,Middle-Middle,Any Corner,Wide Closed No Stride,"Mistake Hitter,Bomber,Stubborn,Hot Head,First Pitch Hitter",Brainrot Focus / 30% first pitch swing,Only good at brainrot Roblox,108,406,388,38,70,10,0.0,17,46,18,122,0,0,0.18,0.217,0.338,0.554,-1.0,0,0,0.0,0.0,0,0,0.0,0,0,0,0,0,0,0,0,0,0,870,60,12.0,0.987,70.0,World Series,,Fourth ring; lost regular reps in platoon 1B/DH role.,101-61,AL Pennant; WORLD SERIES CHAMPIONS (4th); end of dynasty core era
P006,13,2038,Marcus,Marquis,Red Sox,CF,,R,R,34,5'11,175,89,90,63,74,60,73,81,80,81,75,61,66,82,97,70,61,51,82,84,79,78,93,40.0,40.0,20.0,40.0,40.0,20.0,50.0,Middle-Middle,Familiar Pitchers,Textbook Square,"Cool Customer,Quick Learner,Late Bloomer,Clutch Hitter",Refuses scouting reports,Calm lazy genius,144,616,552,88,152,30,3.0,32,88,64,80,32,6,0.275,0.351,0.514,0.865,6.0,0,0,0.0,0.0,0,0,0.0,0,0,0,0,0,0,0,0,0,0,285,10,4.0,0.987,2.0,World Series;All-Star;Gold Glove CF,Oldest Player with a 30/30 Season (age 34),Fourth ring; oldest 30/30 season ever at age 34.,101-61,AL Pennant; WORLD SERIES CHAMPIONS (4th); end of dynasty core era
P007,13,2038,Ian,,Red Sox,SP,,R,R,33,5'10,165,99,92,65,65,68,68,72,68,70,65,40,30,83,72,78,70,75,60,68,70,68,55,50.0,30.0,20.0,35.0,35.0,30.0,65.0,Middle-Middle,Up and In,Cross-Fire Delivery,"Outlier (velo),Fireballer,Hot Head,Five Tool,Workhorse",Compete Mode Tilt - 1ER drops 12pts,Weirdly good at random things,0,0,0,0,0,0,0.0,0,0,0,0,0,0,0.0,0.0,0.0,0.0,9.0,16,7,2.68,1.02,0,32,198.2,162,59,270,46,16,0,0,0,1,1,8,18,1.0,0.964,0.0,World Series;All-Star,,Fourth ring; first non-Cy-Young in years — still All-Star.,101-61,AL Pennant; WORLD SERIES CHAMPIONS (4th); end of dynasty core era
P008,13,2038,Griffin,,Red Sox,LF,CF,R,R,34,6'1,185,85,86,69,88,70,87,93,51,93,50,40,31,74,66,53,35,29,45,50,76,55,60,55.0,30.0,15.0,25.0,35.0,40.0,65.0,Any Fastball,Any Breaking Ball,Slight Crouch Still,"Outlier (vision),Bomber,One Trick Pony,Lazy,Fastball Hunter",Osu Brain - locks only on FB,Only plays osu,118,480,442,56,102,18,0.0,22,62,38,76,2,1,0.231,0.292,0.421,0.712,0.2,0,0,0.0,0.0,0,0,0.0,0,0,0,0,0,0,0,0,0,0,195,4,12.0,0.943,1.0,World Series,,"Fourth ring; replacement-level, defense increasingly a liability.",101-61,AL Pennant; WORLD SERIES CHAMPIONS (4th); end of dynasty core era
P009,13,2038,Caden,The Enigma,Red Sox,RP,CP,R,R,33,5'11,170,87,83,55,60,45,50,60,50,55,45,30,25,68,65,80,60,90,55,55,75,55,80,,,,,,,40.0,Mystery,Funky Low 3/4,"Ghost,Sprinter,Pressure Cooker,Mystery Man",Disappears 4 games at a time,Nobody knows anything,0,0,0,0,0,0,0,0.0,0,0,0,0,0,0,0.0,0.0,0.0,0.0,1.0,2,4,3.45,1.22,48,0,50.0,54,19,58,22,6,22,4,5,0,0,1,4,1.0,0.833,0.0,World Series,,"Fourth ring; velo dropping, shared closer duties.",101-61,AL Pennant; WORLD SERIES CHAMPIONS (4th); end of dynasty core era
P010,13,2038,Ronin,,Red Sox,2B,CF/LF/RF,L,R,33,5'8,170,82,85,41,65,58,87,68,29,65,20,57,73,79,37,84,77,93,70,68,82,66,15,70.0,25.0,5.0,30.0,30.0,40.0,82.0,Middle-In,Off Plate,Aggressive Open Big Stride,"Speedster,Bomber,Hot Head,Free Swinger,Rally Killer",Reasonless Rage / 25% ejection,Gets really mad no reasoning,75,207,200,24,45,8,1.0,8,22,7,58,6,3,0.225,0.251,0.395,0.646,-0.6,0,0,0.0,0.0,0,0,0.0,0,0,0,0,0,0,0,0,0,0,95,135,9.0,0.962,4.0,World Series,,Fourth ring; 4th outfielder role across all three OF spots.,101-61,AL Pennant; WORLD SERIES CHAMPIONS (4th); end of dynasty core era
P011,13,2038,Keaton,My Bigness,Red Sox,1B,3B/DH,R,R,34,6'4,270,84,87,57,68,69,92,62,52,62,50,27,6,90,92,18,9,13,58,62,85,62,75,80.0,18.0,2.0,22.0,28.0,50.0,60.0,Inner Half Belt-High,Outside Corner,Massive Square No Stride,"Bomber,Crowd Pleaser,Trash Talker,Insecure,Pull Hitter",Pull Only - refuses oppo,Best trash talker of all time,98,364,342,30,62,8,0.0,13,36,22,92,0,0,0.181,0.231,0.319,0.549,-1.0,0,0,0.0,0.0,0,0,0.0,0,0,0,0,0,0,0,0,0,0,768,70,12.0,0.985,68.0,World Series,,Fourth ring; strict platoon role vs LHP.,101-61,AL Pennant; WORLD SERIES CHAMPIONS (4th); end of dynasty core era
P001,14,2039,Cyris Sullivan,Cream Machine,Red Sox,2B,SS,R,R,34,5'7,145,92,92,99,93,31,47,99,94,99,94,94,95,76,98,66,70,85,92,98,75,88,96,30.0,45.0,25.0,55.0,35.0,10.0,38.0,Low Away/Low Middle,High Inside,Crouched Open,"Bad Ball Hitter,Pressure Cooker,Table Setter,Contact Hitter",Tilt Mode after 2 Ks,Always clutch in ranked,135,567,502,78,148,28,1.0,11,58,65,70,16,5,0.295,0.376,0.42,0.796,4.5,0,0,0.0,0.0,0,0,0.0,0,0,0,0,0,0,0,0,0,0,138,325,8.0,0.983,19.0,,,Range declining; team rotates him between 2B and SS to manage workload.,88-74,Missed playoffs for first time since 2027
P002,14,2039,Shea Harrison,,Red Sox,1B,3B/DH,L,R,35,5'9,215,84,84,65,53,68,98,59,50,59,40,25,21,90,94,22,21,31,56,56,78,56,70,75.0,20.0,5.0,25.0,25.0,50.0,72.0,Middle In Belt-High,Outside/High Heat,Open Wide w/ Leg Kick,"Crowd Pleaser,Dead Red,Bomber,Free Swinger",Empty Stadium Slump,Only tries when watched,140,556,528,64,118,16,0.0,30,80,28,138,0,0,0.223,0.263,0.424,0.687,0.0,0,0,0.0,0.0,0,0,0.0,0,0,0,0,0,0,0,0,0,0,2,0,0.0,1.0,0.0,,,Replacement-level year; 30 HR power persisted.,88-74,Missed playoffs for first time since 2027
P003,14,2039,Jaedan,The Otaku,Red Sox,RF,,R,R,34,6'2,155,81,80,66,74,60,77,72,56,72,55,38,37,59,39,48,46,80,70,65,88,72,30,50.0,30.0,20.0,30.0,35.0,35.0,60.0,Middle/Middle-Up,Low Away,Tall Upright,"Outlier (arm),Showboat,Glamour Stats",One and Done,Bat flips guaranteed,50,139,130,14,26,5,0.0,4,14,9,42,1,1,0.2,0.252,0.331,0.583,-0.6,0,0,0.0,0.0,0,0,0.0,0,0,0,0,0,0,0,0,0,0,68,3,4.0,0.947,0.0,,,Veteran depth piece; sporadic starts.,88-74,Missed playoffs for first time since 2027
P004,14,2039,Gui,Acid Chair,Red Sox,C,3B/1B,R,R,35,5'10,195,89,88,76,81,46,64,88,82,88,88,62,35,79,72,53,33,46,87,83,81,86,78,40.0,25.0,35.0,45.0,20.0,35.0,,High Inside FB,Balanced Square,"Pitch Whisperer,Defensive Wizard,Hot Head,Selective Hitter",Anime distractions/3x ejection rate,Knows too much about anime,0,108,406,360,48,92,18,0.0,11,46,46,56,2,1,0.256,0.34,0.397,0.737,3.4,0,0,0.0,0.0,0,0,0.0,0,0,0,0,0,0,0,0,0,0,1180,78,4.0,0.997,17.0,Gold Glove C,,"Began splitting time across C, 3B, and 1B to save his knees.",88-74,Missed playoffs for first time since 2027
P005,14,2039,Carlos,Kevin G,Red Sox,3B,1B/DH,R,R,34,6'3,230,82,81,47,51,99,99,44,41,43,30,24,17,86,69,21,13,15,55,49,86,64,45,65.0,25.0,10.0,20.0,25.0,55.0,78.0,Middle-Middle,Any Corner,Wide Closed No Stride,"Mistake Hitter,Bomber,Stubborn,Hot Head,First Pitch Hitter",Brainrot Focus / 30% first pitch swing,Only good at brainrot Roblox,88,320,308,26,52,7,0.0,12,32,12,102,0,0,0.169,0.2,0.308,0.508,-1.4,0,0,0.0,0.0,0,0,0.0,0,0,0,0,0,0,0,0,0,0,700,48,12.0,0.984,56.0,,,Sub-replacement bat — hanging on by power potential.,88-74,Missed playoffs for first time since 2027
P006,14,2039,Marcus,Marquis,Red Sox,CF,,R,R,35,5'11,175,89,90,63,74,60,73,81,80,81,75,61,66,82,97,70,61,51,82,84,79,78,93,40.0,40.0,20.0,40.0,40.0,20.0,50.0,Middle-Middle,Familiar Pitchers,Textbook Square,"Cool Customer,Quick Learner,Late Bloomer,Clutch Hitter",Refuses scouting reports,Calm lazy genius,140,588,530,78,138,26,2.0,27,78,58,82,25,7,0.26,0.333,0.47,0.803,4.8,0,0,0.0,0.0,0,0,0.0,0,0,0,0,0,0,0,0,0,0,272,9,5.0,0.983,2.0,All-Star,,Eleventh straight All-Star — counting stats erode.,88-74,Missed playoffs for first time since 2027
P007,14,2039,Ian,,Red Sox,SP,,R,R,34,5'10,165,99,92,65,65,68,68,72,68,70,65,40,30,83,72,78,70,75,60,68,70,68,55,50.0,30.0,20.0,35.0,35.0,30.0,65.0,Middle-Middle,Up and In,Cross-Fire Delivery,"Outlier (velo),Fireballer,Hot Head,Five Tool,Workhorse",Compete Mode Tilt - 1ER drops 12pts,Weirdly good at random things,0,0,0,0,0,0,0.0,0,0,0,0,0,0,0.0,0.0,0.0,0.0,9.0,14,9,3.05,1.12,0,30,180.0,168,61,220,52,19,0,0,0,0,0,6,14,1.0,0.952,0.0,,,Velo dropped; first non-All-Star year of his prime.,88-74,Missed playoffs for first time since 2027
P008,14,2039,Griffin,,Red Sox,LF,CF,R,R,35,6'1,185,85,86,69,88,70,87,93,51,93,50,40,31,74,66,53,35,29,45,50,76,55,60,55.0,30.0,15.0,25.0,35.0,40.0,65.0,Any Fastball,Any Breaking Ball,Slight Crouch Still,"Outlier (vision),Bomber,One Trick Pony,Lazy,Fastball Hunter",Osu Brain - locks only on FB,Only plays osu,95,376,348,38,76,12,0.0,16,44,28,68,1,1,0.218,0.277,0.391,0.667,-0.6,0,0,0.0,0.0,0,0,0.0,0,0,0,0,0,0,0,0,0,0,155,3,13.0,0.924,1.0,,,Lost his starting LF job mid-season.,88-74,Missed playoffs for first time since 2027
P009,14,2039,Caden,The Enigma,Red Sox,RP,CP,R,R,34,5'11,170,87,83,55,60,45,50,60,50,55,45,30,25,68,65,80,60,90,55,55,75,55,80,,,,,,,40.0,Mystery,Funky Low 3/4,"Ghost,Sprinter,Pressure Cooker,Mystery Man",Disappears 4 games at a time,Nobody knows anything,0,0,0,0,0,0,0,0.0,0,0,0,0,0,0,0.0,0.0,0.0,0.0,0.6,2,5,3.85,1.3,50,0,48.0,52,21,52,24,7,12,6,6,0,0,1,4,1.0,0.833,0.0,,,Lost the closer job mid-year.,88-74,Missed playoffs for first time since 2027
P010,14,2039,Ronin,,Red Sox,2B,CF/LF/RF,L,R,34,5'8,170,82,85,41,65,58,87,68,29,65,20,57,73,79,37,84,77,93,70,68,82,66,15,70.0,25.0,5.0,30.0,30.0,40.0,82.0,Middle-In,Off Plate,Aggressive Open Big Stride,"Speedster,Bomber,Hot Head,Free Swinger,Rally Killer",Reasonless Rage / 25% ejection,Gets really mad no reasoning,60,166,160,18,32,5,1.0,5,16,6,48,4,2,0.2,0.229,0.338,0.566,-0.5,0,0,0.0,0.0,0,0,0.0,0,0,0,0,0,0,0,0,0,0,72,108,8.0,0.957,3.0,,,Pinch-runner / late-inning defense.,88-74,Missed playoffs for first time since 2027
P011,14,2039,Keaton,My Bigness,Red Sox,1B,3B/DH,R,R,35,6'4,270,84,87,57,68,69,92,62,52,62,50,27,6,90,92,18,9,13,58,62,85,62,75,80.0,18.0,2.0,22.0,28.0,50.0,60.0,Inner Half Belt-High,Outside Corner,Massive Square No Stride,"Bomber,Crowd Pleaser,Trash Talker,Insecure,Pull Hitter",Pull Only - refuses oppo,Best trash talker of all time,72,254,240,18,42,5,0.0,8,24,14,68,0,0,0.175,0.22,0.296,0.516,-1.0,0,0,0.0,0.0,0,0,0.0,0,0,0,0,0,0,0,0,0,0,548,50,10.0,0.984,50.0,,,Mostly DH appearances; defense gone.,88-74,Missed playoffs for first time since 2027
P001,15,2040,Cyris Sullivan,Cream Machine,Red Sox,2B,SS,R,R,35,5'7,145,92,92,99,93,31,47,99,94,99,94,94,95,76,98,66,70,85,92,98,75,88,96,30.0,45.0,25.0,55.0,35.0,10.0,38.0,Low Away/Low Middle,High Inside,Crouched Open,"Bad Ball Hitter,Pressure Cooker,Table Setter,Contact Hitter",Tilt Mode after 2 Ks,Always clutch in ranked,128,530,472,68,132,24,0.0,10,52,58,72,12,4,0.28,0.358,0.394,0.753,3.4,0,0,0.0,0.0,0,0,0.0,0,0,0,0,0,0,0,0,0,0,128,308,8.0,0.982,18.0,,,Veteran utility role; primary 2B with some SS starts.,84-78,Missed playoffs; began transition phase
P002,15,2040,Shea Harrison,,Red Sox,1B,3B/DH,L,R,36,5'9,215,84,84,65,53,68,98,59,50,59,40,25,21,90,94,22,21,31,56,56,78,56,70,75.0,20.0,5.0,25.0,25.0,50.0,72.0,Middle In Belt-High,Outside/High Heat,Open Wide w/ Leg Kick,"Crowd Pleaser,Dead Red,Bomber,Free Swinger",Empty Stadium Slump,Only tries when watched,128,502,478,52,102,12,0.0,24,65,24,132,0,0,0.213,0.251,0.389,0.64,-0.5,0,0,0.0,0.0,0,0,0.0,0,0,0,0,0,0,0,0,0,0,1,0,0.0,1.0,0.0,,,Decline accelerated — first negative WAR since rookie year.,84-78,Missed playoffs; began transition phase
P003,15,2040,Jaedan,The Otaku,Red Sox,RF,,R,R,35,6'2,155,81,80,66,74,60,77,72,56,72,55,38,37,59,39,48,46,80,70,65,88,72,30,50.0,30.0,20.0,30.0,35.0,35.0,60.0,Middle/Middle-Up,Low Away,Tall Upright,"Outlier (arm),Showboat,Glamour Stats",One and Done,Bat flips guaranteed,38,85,80,8,14,3,0.0,2,8,5,28,1,0,0.175,0.224,0.287,0.511,-0.4,0,0,0.0,0.0,0,0,0.0,0,0,0,0,0,0,0,0,0,0,38,2,3.0,0.93,0.0,,,Pinch-hitter year; limited at-bats.,84-78,Missed playoffs; began transition phase
P004,15,2040,Gui,Acid Chair,Red Sox,C,3B/1B,R,R,36,5'10,195,89,88,76,81,46,64,88,82,88,88,62,35,79,72,53,33,46,87,83,81,86,78,40.0,25.0,35.0,45.0,20.0,35.0,,High Inside FB,Balanced Square,"Pitch Whisperer,Defensive Wizard,Hot Head,Selective Hitter",Anime distractions/3x ejection rate,Knows too much about anime,0,95,346,308,38,76,14,0.0,8,36,38,54,1,1,0.247,0.329,0.37,0.7,2.2,0,0,0.0,0.0,0,0,0.0,0,0,0,0,0,0,0,0,0,0,1050,68,5.0,0.996,14.0,,,"Half his starts at C, the rest at 1B/3B; extended his career via flexibility.",84-78,Missed playoffs; began transition phase
P005,15,2040,Carlos,Kevin G,Red Sox,3B,1B/DH,R,R,35,6'3,230,82,81,47,51,99,99,44,41,43,30,24,17,86,69,21,13,15,55,49,86,64,45,65.0,25.0,10.0,20.0,25.0,55.0,78.0,Middle-Middle,Any Corner,Wide Closed No Stride,"Mistake Hitter,Bomber,Stubborn,Hot Head,First Pitch Hitter",Brainrot Focus / 30% first pitch swing,Only good at brainrot Roblox,62,216,208,16,32,4,0.0,7,18,8,76,0,0,0.154,0.185,0.274,0.459,-1.2,0,0,0.0,0.0,0,0,0.0,0,0,0,0,0,0,0,0,0,0,478,32,10.0,0.98,38.0,,,Bench role; rare starts vs LHP.,84-78,Missed playoffs; began transition phase
P006,15,2040,Marcus,Marquis,Red Sox,CF,,R,R,36,5'11,175,89,90,63,74,60,73,81,80,81,75,61,66,82,97,70,61,51,82,84,79,78,93,40.0,40.0,20.0,40.0,40.0,20.0,50.0,Middle-Middle,Familiar Pitchers,Textbook Square,"Cool Customer,Quick Learner,Late Bloomer,Clutch Hitter",Refuses scouting reports,Calm lazy genius,134,554,502,68,124,22,2.0,22,68,52,80,18,6,0.247,0.318,0.43,0.748,3.6,0,0,0.0,0.0,0,0,0.0,0,0,0,0,0,0,0,0,0,0,256,8,6.0,0.978,2.0,,,First non-Gold-Glove year in a decade.,84-78,Missed playoffs; began transition phase
P007,15,2040,Ian,,Red Sox,SP,,R,R,35,5'10,165,99,92,65,65,68,68,72,68,70,65,40,30,83,72,78,70,75,60,68,70,68,55,50.0,30.0,20.0,35.0,35.0,30.0,65.0,Middle-Middle,Up and In,Cross-Fire Delivery,"Outlier (velo),Fireballer,Hot Head,Five Tool,Workhorse",Compete Mode Tilt - 1ER drops 12pts,Weirdly good at random things,0,0,0,0,0,0,0.0,0,0,0,0,0,0,0.0,0.0,0.0,0.0,6.3,12,10,3.42,1.18,0,28,162.0,165,62,188,56,22,0,0,0,0,0,4,12,1.0,0.941,0.0,3000th Career Strikeout,"8th Pitcher to 3,000 Career Strikeouts","Reached 3,000 career K — eighth pitcher to do it.",84-78,Missed playoffs; began transition phase
P008,15,2040,Griffin,,Red Sox,LF,CF,R,R,36,6'1,185,85,86,69,88,70,87,93,51,93,50,40,31,74,66,53,35,29,45,50,76,55,60,55.0,30.0,15.0,25.0,35.0,40.0,65.0,Any Fastball,Any Breaking Ball,Slight Crouch Still,"Outlier (vision),Bomber,One Trick Pony,Lazy,Fastball Hunter",Osu Brain - locks only on FB,Only plays osu,72,228,210,22,46,8,0.0,11,28,18,52,1,0,0.219,0.281,0.414,0.695,-0.4,0,0,0.0,0.0,0,0,0.0,0,0,0,0,0,0,0,0,0,0,108,2,8.0,0.932,1.0,,,Pinch-hitter and platoon DH role.,84-78,Missed playoffs; began transition phase
P009,15,2040,Caden,The Enigma,Red Sox,RP,CP,R,R,35,5'11,170,87,83,55,60,45,50,60,50,55,45,30,25,68,65,80,60,90,55,55,75,55,80,,,,,,,40.0,Mystery,Funky Low 3/4,"Ghost,Sprinter,Pressure Cooker,Mystery Man",Disappears 4 games at a time,Nobody knows anything,0,0,0,0,0,0,0,0.0,0,0,0,0,0,0,0.0,0.0,0.0,0.0,0.2,2,4,4.2,1.38,45,0,42.0,48,20,40,22,8,6,8,6,0,0,1,3,1.0,0.8,0.0,,,Middle relief role; far from his peak.,84-78,Missed playoffs; began transition phase
P010,15,2040,Ronin,,Red Sox,2B,CF/LF/RF,L,R,35,5'8,170,82,85,41,65,58,87,68,29,65,20,57,73,79,37,84,77,93,70,68,82,66,15,70.0,25.0,5.0,30.0,30.0,40.0,82.0,Middle-In,Off Plate,Aggressive Open Big Stride,"Speedster,Bomber,Hot Head,Free Swinger,Rally Killer",Reasonless Rage / 25% ejection,Gets really mad no reasoning,45,104,100,10,20,3,1.0,3,10,4,32,3,1,0.2,0.231,0.34,0.571,-0.3,0,0,0.0,0.0,0,0,0.0,0,0,0,0,0,0,0,0,0,0,52,72,6.0,0.954,2.0,,,Held a roster spot purely on positional flexibility.,84-78,Missed playoffs; began transition phase
P011,15,2040,Keaton,My Bigness,Red Sox,1B,3B/DH,R,R,36,6'4,270,84,87,57,68,69,92,62,52,62,50,27,6,90,92,18,9,13,58,62,85,62,75,80.0,18.0,2.0,22.0,28.0,50.0,60.0,Inner Half Belt-High,Outside Corner,Massive Square No Stride,"Bomber,Crowd Pleaser,Trash Talker,Insecure,Pull Hitter",Pull Only - refuses oppo,Best trash talker of all time,55,149,140,10,28,4,0.0,5,15,9,42,0,0,0.2,0.248,0.336,0.584,-0.5,0,0,0.0,0.0,0,0,0.0,0,0,0,0,0,0,0,0,0,0,180,18,4.0,0.98,12.0,,,Bench bat / occasional DH.,84-78,Missed playoffs; began transition phase
P001,16,2041,Cyris Sullivan,Cream Machine,Red Sox,2B,SS,R,R,36,5'7,145,92,92,99,93,31,47,99,94,99,94,94,95,76,98,66,70,85,92,98,75,88,96,30.0,45.0,25.0,55.0,35.0,10.0,38.0,Low Away/Low Middle,High Inside,Crouched Open,"Bad Ball Hitter,Pressure Cooker,Table Setter,Contact Hitter",Tilt Mode after 2 Ks,Always clutch in ranked,118,482,432,56,118,22,0.0,9,46,50,73,9,3,0.273,0.349,0.387,0.735,2.4,0,0,0.0,0.0,0,0,0.0,0,0,0,0,0,0,0,0,0,0,115,282,9.0,0.978,16.0,,,Aging gracefully — split time at 2B and emergency SS.,79-83,First losing season since 2026
P002,16,2041,Shea Harrison,,Red Sox,1B,3B/DH,L,R,37,5'9,215,84,84,65,53,68,98,59,50,59,40,25,21,90,94,22,21,31,56,56,78,56,70,75.0,20.0,5.0,25.0,25.0,50.0,72.0,Middle In Belt-High,Outside/High Heat,Open Wide w/ Leg Kick,"Crowd Pleaser,Dead Red,Bomber,Free Swinger",Empty Stadium Slump,Only tries when watched,105,406,388,38,80,10,0.0,18,50,18,110,0,0,0.206,0.241,0.371,0.613,-0.8,0,0,0.0,0.0,0,0,0.0,0,0,0,0,0,0,0,0,0,0,0,0,0.0,0.0,0.0,,,Reduced role; benched against tougher arms.,79-83,First losing season since 2026
P003,16,2041,Jaedan,The Otaku,Red Sox,RF,,R,R,36,6'2,155,81,80,66,74,60,77,72,56,72,55,38,37,59,39,48,46,80,70,65,88,72,30,50.0,30.0,20.0,30.0,35.0,35.0,60.0,Middle/Middle-Up,Low Away,Tall Upright,"Outlier (arm),Showboat,Glamour Stats",One and Done,Bat flips guaranteed,28,55,52,5,10,2,0.0,1,5,3,18,0,0,0.192,0.236,0.288,0.525,-0.3,0,0,0.0,0.0,0,0,0.0,0,0,0,0,0,0,0,0,0,0,22,1,2.0,0.92,0.0,,,Late-career cameo role.,79-83,First losing season since 2026
P004,16,2041,Gui,Acid Chair,Red Sox,C,3B/1B,R,R,37,5'10,195,89,88,76,81,46,64,88,82,88,88,62,35,79,72,53,33,46,87,83,81,86,78,40.0,25.0,35.0,45.0,20.0,35.0,,High Inside FB,Balanced Square,"Pitch Whisperer,Defensive Wizard,Hot Head,Selective Hitter",Anime distractions/3x ejection rate,Knows too much about anime,0,78,276,248,26,56,10,0.0,6,26,28,48,0,0,0.226,0.304,0.339,0.643,1.0,0,0,0.0,0.0,0,0,0.0,0,0,0,0,0,0,0,0,0,0,880,56,5.0,0.994,11.0,,,Backup catcher role; bat speed declining.,79-83,First losing season since 2026
P005,16,2041,Carlos,Kevin G,Red Sox,3B,1B/DH,R,R,36,6'3,230,82,81,47,51,99,99,44,41,43,30,24,17,86,69,21,13,15,55,49,86,64,45,65.0,25.0,10.0,20.0,25.0,55.0,78.0,Middle-Middle,Any Corner,Wide Closed No Stride,"Mistake Hitter,Bomber,Stubborn,Hot Head,First Pitch Hitter",Brainrot Focus / 30% first pitch swing,Only good at brainrot Roblox,45,133,128,9,20,3,0.0,4,11,5,48,0,0,0.156,0.188,0.273,0.461,-0.8,0,0,0.0,0.0,0,0,0.0,0,0,0,0,0,0,0,0,0,0,300,20,8.0,0.976,22.0,,,Pinch-hit specialist; 4 HR off bench.,79-83,First losing season since 2026
P006,16,2041,Marcus,Marquis,Red Sox,CF,,R,R,37,5'11,175,89,90,63,74,60,73,81,80,81,75,61,66,82,97,70,61,51,82,84,79,78,93,40.0,40.0,20.0,40.0,40.0,20.0,50.0,Middle-Middle,Familiar Pitchers,Textbook Square,"Cool Customer,Quick Learner,Late Bloomer,Clutch Hitter",Refuses scouting reports,Calm lazy genius,124,502,458,56,108,18,1.0,18,56,44,78,12,5,0.236,0.303,0.397,0.7,2.4,0,0,0.0,0.0,0,0,0.0,0,0,0,0,0,0,0,0,0,0,230,7,7.0,0.971,1.0,,,Slowing in CF; team shifts him to RF for some games.,79-83,First losing season since 2026
P007,16,2041,Ian,,Red Sox,SP,,R,R,36,5'10,165,99,92,65,65,68,68,72,68,70,65,40,30,83,72,78,70,75,60,68,70,68,55,50.0,30.0,20.0,35.0,35.0,30.0,65.0,Middle-Middle,Up and In,Cross-Fire Delivery,"Outlier (velo),Fireballer,Hot Head,Five Tool,Workhorse",Compete Mode Tilt - 1ER drops 12pts,Weirdly good at random things,0,0,0,0,0,0,0.0,0,0,0,0,0,0,0.0,0.0,0.0,0.0,2.6,8,11,3.95,1.28,0,24,130.0,145,57,142,50,21,0,0,0,0,0,3,9,1.0,0.923,0.0,,,Losing record for first time since rookie year.,79-83,First losing season since 2026
P008,16,2041,Griffin,,Red Sox,LF,CF,R,R,37,6'1,185,85,86,69,88,70,87,93,51,93,50,40,31,74,66,53,35,29,45,50,76,55,60,55.0,30.0,15.0,25.0,35.0,40.0,65.0,Any Fastball,Any Breaking Ball,Slight Crouch Still,"Outlier (vision),Bomber,One Trick Pony,Lazy,Fastball Hunter",Osu Brain - locks only on FB,Only plays osu,55,160,148,14,32,5,0.0,7,20,12,38,0,0,0.216,0.275,0.392,0.667,-0.3,0,0,0.0,0.0,0,0,0.0,0,0,0,0,0,0,0,0,0,0,72,2,5.0,0.937,0.0,,,Limited starts; bench bat role.,79-83,First losing season since 2026
P009,16,2041,Caden,The Enigma,Red Sox,RP,CP,R,R,36,5'11,170,87,83,55,60,45,50,60,50,55,45,30,25,68,65,80,60,90,55,55,75,55,80,,,,,,,40.0,Mystery,Funky Low 3/4,"Ghost,Sprinter,Pressure Cooker,Mystery Man",Disappears 4 games at a time,Nobody knows anything,0,0,0,0,0,0,0,0.0,0,0,0,0,0,0,0.0,0.0,0.0,0.0,-0.1,1,3,4.65,1.45,40,0,38.0,46,20,32,18,9,2,4,5,0,0,0,2,0.0,1.0,0.0,,,Mop-up duty; rare leverage appearances.,79-83,First losing season since 2026
P010,16,2041,Ronin,,Red Sox,2B,CF/LF/RF,L,R,36,5'8,170,82,85,41,65,58,87,68,29,65,20,57,73,79,37,84,77,93,70,68,82,66,15,70.0,25.0,5.0,30.0,30.0,40.0,82.0,Middle-In,Off Plate,Aggressive Open Big Stride,"Speedster,Bomber,Hot Head,Free Swinger,Rally Killer",Reasonless Rage / 25% ejection,Gets really mad no reasoning,35,74,72,6,14,2,1.0,2,7,2,22,2,1,0.194,0.216,0.333,0.55,-0.2,0,0,0.0,0.0,0,0,0.0,0,0,0,0,0,0,0,0,0,0,38,52,5.0,0.947,1.0,,,Mostly PR appearances at this point.,79-83,First losing season since 2026
P011,16,2041,Keaton,My Bigness,Red Sox,1B,3B/DH,R,R,37,6'4,270,84,87,57,68,69,92,62,52,62,50,27,6,90,92,18,9,13,58,62,85,62,75,80.0,18.0,2.0,22.0,28.0,50.0,60.0,Inner Half Belt-High,Outside Corner,Massive Square No Stride,"Bomber,Crowd Pleaser,Trash Talker,Insecure,Pull Hitter",Pull Only - refuses oppo,Best trash talker of all time,40,95,90,6,18,2,0.0,3,9,5,28,0,0,0.2,0.242,0.322,0.564,-0.3,0,0,0.0,0.0,0,0,0.0,0,0,0,0,0,0,0,0,0,0,95,8,3.0,0.972,6.0,,,Power glimpses but mostly PH.,79-83,First losing season since 2026
P001,17,2042,Cyris Sullivan,Cream Machine,Red Sox,2B,SS,R,R,37,5'7,145,92,92,99,93,31,47,99,94,99,94,94,95,76,98,66,70,85,92,98,75,88,96,30.0,45.0,25.0,55.0,35.0,10.0,38.0,Low Away/Low Middle,High Inside,Crouched Open,"Bad Ball Hitter,Pressure Cooker,Table Setter,Contact Hitter",Tilt Mode after 2 Ks,Always clutch in ranked,102,410,368,42,96,18,0.0,7,38,42,70,6,3,0.261,0.337,0.367,0.703,1.4,0,0,0.0,0.0,0,0,0.0,0,0,0,0,0,0,0,0,0,0,96,240,9.0,0.974,14.0,,,Bench-leaning role; veteran middle infield depth.,76-86,Rebuild — final season for several core veterans
P002,17,2042,Shea Harrison,,Red Sox,1B,3B/DH,L,R,38,5'9,215,84,84,65,53,68,98,59,50,59,40,25,21,90,94,22,21,31,56,56,78,56,70,75.0,20.0,5.0,25.0,25.0,50.0,72.0,Middle In Belt-High,Outside/High Heat,Open Wide w/ Leg Kick,"Crowd Pleaser,Dead Red,Bomber,Free Swinger",Empty Stadium Slump,Only tries when watched,82,302,288,26,58,7,0.0,12,36,14,90,0,0,0.201,0.238,0.351,0.589,-1.0,0,0,0.0,0.0,0,0,0.0,0,0,0,0,0,0,0,0,0,0,0,0,0.0,0.0,0.0,,,Part-time DH; ceremonial leadership role.,76-86,Rebuild — final season for several core veterans
P003,17,2042,Jaedan,The Otaku,Red Sox,RF,,R,R,37,6'2,155,81,80,66,74,60,77,72,56,72,55,38,37,59,39,48,46,80,70,65,88,72,30,50.0,30.0,20.0,30.0,35.0,35.0,60.0,Middle/Middle-Up,Low Away,Tall Upright,"Outlier (arm),Showboat,Glamour Stats",One and Done,Bat flips guaranteed,22,40,38,4,7,1,0.0,1,3,2,14,0,0,0.184,0.225,0.289,0.514,-0.2,0,0,0.0,0.0,0,0,0.0,0,0,0,0,0,0,0,0,0,0,16,1,2.0,0.895,0.0,,,Mostly defensive replacement appearances.,76-86,Rebuild — final season for several core veterans
P004,17,2042,Gui,Acid Chair,Red Sox,C,3B/1B,R,R,38,5'10,195,89,88,76,81,46,64,88,82,88,88,62,35,79,72,53,33,46,87,83,81,86,78,40.0,25.0,35.0,45.0,20.0,35.0,,High Inside FB,Balanced Square,"Pitch Whisperer,Defensive Wizard,Hot Head,Selective Hitter",Anime distractions/3x ejection rate,Knows too much about anime,0,58,196,178,16,38,6,0.0,3,16,18,38,0,0,0.213,0.286,0.298,0.583,0.2,0,0,0.0,0.0,0,0,0.0,0,0,0,0,0,0,0,0,0,0,660,40,6.0,0.991,8.0,,,Mentor role for the next-gen catcher.,76-86,Rebuild — final season for several core veterans
P005,17,2042,Carlos,Kevin G,Red Sox,3B,1B/DH,R,R,37,6'3,230,82,81,47,51,99,99,44,41,43,30,24,17,86,69,21,13,15,55,49,86,64,45,65.0,25.0,10.0,20.0,25.0,55.0,78.0,Middle-Middle,Any Corner,Wide Closed No Stride,"Mistake Hitter,Bomber,Stubborn,Hot Head,First Pitch Hitter",Brainrot Focus / 30% first pitch swing,Only good at brainrot Roblox,30,75,72,4,11,2,0.0,2,6,3,28,0,0,0.153,0.187,0.264,0.451,-0.5,0,0,0.0,0.0,0,0,0.0,0,0,0,0,0,0,0,0,0,0,168,11,5.0,0.973,12.0,,,Last regular reps fading; mostly PH role.,76-86,Rebuild — final season for several core veterans
P006,17,2042,Marcus,Marquis,Red Sox,CF,,R,R,38,5'11,175,89,90,63,74,60,73,81,80,81,75,61,66,82,97,70,61,51,82,84,79,78,93,40.0,40.0,20.0,40.0,40.0,20.0,50.0,Middle-Middle,Familiar Pitchers,Textbook Square,"Cool Customer,Quick Learner,Late Bloomer,Clutch Hitter",Refuses scouting reports,Calm lazy genius,108,424,388,44,88,14,1.0,14,44,36,72,8,4,0.227,0.292,0.376,0.669,1.4,0,0,0.0,0.0,0,0,0.0,0,0,0,0,0,0,0,0,0,0,195,6,7.0,0.966,1.0,,,Mostly corner-OF starts; the wheels are catching up.,76-86,Rebuild — final season for several core veterans
P007,17,2042,Ian,,Red Sox,SP,,R,R,37,5'10,165,99,92,65,65,68,68,72,68,70,65,40,30,83,72,78,70,75,60,68,70,68,55,50.0,30.0,20.0,35.0,35.0,30.0,65.0,Middle-Middle,Up and In,Cross-Fire Delivery,"Outlier (velo),Fireballer,Hot Head,Five Tool,Workhorse",Compete Mode Tilt - 1ER drops 12pts,Weirdly good at random things,0,0,0,0,0,0,0.0,0,0,0,0,0,0,0.0,0.0,0.0,0.0,0.6,5,9,4.32,1.35,0,18,92.0,105,44,95,38,16,0,0,0,0,0,2,6,1.0,0.889,0.0,,,Reduced workload; team eased him toward retirement.,76-86,Rebuild — final season for several core veterans
P008,17,2042,Griffin,,Red Sox,LF,CF,R,R,38,6'1,185,85,86,69,88,70,87,93,51,93,50,40,31,74,66,53,35,29,45,50,76,55,60,55.0,30.0,15.0,25.0,35.0,40.0,65.0,Any Fastball,Any Breaking Ball,Slight Crouch Still,"Outlier (vision),Bomber,One Trick Pony,Lazy,Fastball Hunter",Osu Brain - locks only on FB,Only plays osu,38,99,92,7,20,3,0.0,4,12,7,24,0,0,0.217,0.273,0.38,0.653,-0.2,0,0,0.0,0.0,0,0,0.0,0,0,0,0,0,0,0,0,0,0,42,1,3.0,0.935,0.0,,,Veteran presence; sporadic pinch hits.,76-86,Rebuild — final season for several core veterans
P009,17,2042,Caden,The Enigma,Red Sox,RP,CP,R,R,37,5'11,170,87,83,55,60,45,50,60,50,55,45,30,25,68,65,80,60,90,55,55,75,55,80,,,,,,,40.0,Mystery,Funky Low 3/4,"Ghost,Sprinter,Pressure Cooker,Mystery Man",Disappears 4 games at a time,Nobody knows anything,0,0,0,0,0,0,0,0.0,0,0,0,0,0,0,0.0,0.0,0.0,0.0,-0.3,1,2,4.95,1.5,32,0,30.0,38,17,24,12,7,0,3,3,0,0,0,2,0.0,1.0,0.0,,,Veteran insurance arm — minimal IP.,76-86,Rebuild — final season for several core veterans
P010,17,2042,Ronin,,Red Sox,2B,CF/LF/RF,L,R,37,5'8,170,82,85,41,65,58,87,68,29,65,20,57,73,79,37,84,77,93,70,68,82,66,15,70.0,25.0,5.0,30.0,30.0,40.0,82.0,Middle-In,Off Plate,Aggressive Open Big Stride,"Speedster,Bomber,Hot Head,Free Swinger,Rally Killer",Reasonless Rage / 25% ejection,Gets really mad no reasoning,25,43,42,4,8,1,0.0,1,4,1,14,1,0,0.19,0.209,0.286,0.495,-0.1,0,0,0.0,0.0,0,0,0.0,0,0,0,0,0,0,0,0,0,0,22,30,3.0,0.945,1.0,,,Cameo appearances late in his run.,76-86,Rebuild — final season for several core veterans
P011,17,2042,Keaton,My Bigness,Red Sox,1B,3B/DH,R,R,38,6'4,270,84,87,57,68,69,92,62,52,62,50,27,6,90,92,18,9,13,58,62,85,62,75,80.0,18.0,2.0,22.0,28.0,50.0,60.0,Inner Half Belt-High,Outside Corner,Massive Square No Stride,"Bomber,Crowd Pleaser,Trash Talker,Insecure,Pull Hitter",Pull Only - refuses oppo,Best trash talker of all time,28,58,55,3,11,1,0.0,2,5,3,18,0,0,0.2,0.241,0.327,0.569,-0.2,0,0,0.0,0.0,0,0,0.0,0,0,0,0,0,0,0,0,0,0,42,4,2.0,0.958,3.0,,,Limited late-career appearances.,76-86,Rebuild — final season for several core veterans
P001,18,2043,Cyris Sullivan,Cream Machine,Red Sox,2B,SS,R,R,38,5'7,145,92,92,99,93,31,47,99,94,99,94,94,95,76,98,66,70,85,92,98,75,88,96,30.0,45.0,25.0,55.0,35.0,10.0,38.0,Low Away/Low Middle,High Inside,Crouched Open,"Bad Ball Hitter,Pressure Cooker,Table Setter,Contact Hitter",Tilt Mode after 2 Ks,Always clutch in ranked,88,347,312,32,78,14,0.0,5,28,35,65,4,2,0.25,0.326,0.343,0.669,0.6,0,0,0.0,0.0,0,0,0.0,0,0,0,0,0,0,0,0,0,0,78,198,9.0,0.968,11.0,Retired;Final Season;First Ballot Hall of Fame,,Farewell season; retired as a first-ballot Hall of Famer.,72-90,Farewell year for the championship core — all 11 originals retired together
P002,18,2043,Shea Harrison,,Red Sox,1B,3B/DH,L,R,39,5'9,215,84,84,65,53,68,98,59,50,59,40,25,21,90,94,22,21,31,56,56,78,56,70,75.0,20.0,5.0,25.0,25.0,50.0,72.0,Middle In Belt-High,Outside/High Heat,Open Wide w/ Leg Kick,"Crowd Pleaser,Dead Red,Bomber,Free Swinger",Empty Stadium Slump,Only tries when watched,50,156,148,12,28,4,0.0,5,16,8,55,0,0,0.189,0.231,0.318,0.548,-0.6,0,0,0.0,0.0,0,0,0.0,0,0,0,0,0,0,0,0,0,0,0,0,0.0,0.0,0.0,Retired;Final Season;Hall of Fame,,Farewell DH season; retired with 540+ career HR — Hall of Famer.,72-90,Farewell year for the championship core — all 11 originals retired together
P003,18,2043,Jaedan,The Otaku,Red Sox,RF,,R,R,38,6'2,155,81,80,66,74,60,77,72,56,72,55,38,37,59,39,48,46,80,70,65,88,72,30,50.0,30.0,20.0,30.0,35.0,35.0,60.0,Middle/Middle-Up,Low Away,Tall Upright,"Outlier (arm),Showboat,Glamour Stats",One and Done,Bat flips guaranteed,18,29,28,3,5,1,0.0,0,2,1,11,0,0,0.179,0.207,0.214,0.421,-0.2,0,0,0.0,0.0,0,0,0.0,0,0,0,0,0,0,0,0,0,0,12,0,2.0,0.857,0.0,Retired;Final Season,,Farewell year as a clubhouse veteran.,72-90,Farewell year for the championship core — all 11 originals retired together
P004,18,2043,Gui,Acid Chair,Red Sox,C,3B/1B,R,R,39,5'10,195,89,88,76,81,46,64,88,82,88,88,62,35,79,72,53,33,46,87,83,81,86,78,40.0,25.0,35.0,45.0,20.0,35.0,,High Inside FB,Balanced Square,"Pitch Whisperer,Defensive Wizard,Hot Head,Selective Hitter",Anime distractions/3x ejection rate,Knows too much about anime,0,40,120,108,8,22,4,0.0,2,9,12,28,0,0,0.204,0.283,0.296,0.58,-0.2,0,0,0.0,0.0,0,0,0.0,0,0,0,0,0,0,0,0,0,0,450,28,6.0,0.988,5.0,Retired;Final Season;First Ballot Hall of Fame,,Farewell as backup catcher — first-ballot Hall of Famer.,72-90,Farewell year for the championship core — all 11 originals retired together
P005,18,2043,Carlos,Kevin G,Red Sox,3B,1B/DH,R,R,38,6'3,230,82,81,47,51,99,99,44,41,43,30,24,17,86,69,21,13,15,55,49,86,64,45,65.0,25.0,10.0,20.0,25.0,55.0,78.0,Middle-Middle,Any Corner,Wide Closed No Stride,"Mistake Hitter,Bomber,Stubborn,Hot Head,First Pitch Hitter",Brainrot Focus / 30% first pitch swing,Only good at brainrot Roblox,18,33,32,2,5,1,0.0,1,3,1,12,0,0,0.156,0.182,0.281,0.463,-0.3,0,0,0.0,0.0,0,0,0.0,0,0,0,0,0,0,0,0,0,0,75,5,3.0,0.964,5.0,Retired;Final Season,,Farewell year off the bench.,72-90,Farewell year for the championship core — all 11 originals retired together
P006,18,2043,Marcus,Marquis,Red Sox,CF,,R,R,39,5'11,175,89,90,63,74,60,73,81,80,81,75,61,66,82,97,70,61,51,82,84,79,78,93,40.0,40.0,20.0,40.0,40.0,20.0,50.0,Middle-Middle,Familiar Pitchers,Textbook Square,"Cool Customer,Quick Learner,Late Bloomer,Clutch Hitter",Refuses scouting reports,Calm lazy genius,84,318,292,30,64,10,0.0,9,30,26,64,4,3,0.219,0.283,0.346,0.629,0.2,0,0,0.0,0.0,0,0,0.0,0,0,0,0,0,0,0,0,0,0,148,4,6.0,0.962,1.0,Retired;Final Season;First Ballot Hall of Fame,,Final season; retired as a first-ballot inner-circle HoFer.,72-90,Farewell year for the championship core — all 11 originals retired together
P007,18,2043,Ian,,Red Sox,SP,,R,R,38,5'10,165,99,92,65,65,68,68,72,68,70,65,40,30,83,72,78,70,75,60,68,70,68,55,50.0,30.0,20.0,35.0,35.0,30.0,65.0,Middle-Middle,Up and In,Cross-Fire Delivery,"Outlier (velo),Fireballer,Hot Head,Five Tool,Workhorse",Compete Mode Tilt - 1ER drops 12pts,Weirdly good at random things,0,0,0,0,0,0,0.0,0,0,0,0,0,0,0.0,0.0,0.0,0.0,-0.7,3,4,4.85,1.42,18,8,55.0,68,30,42,28,11,0,0,0,0,0,1,4,1.0,0.833,0.0,Retired;Final Season;First Ballot Hall of Fame,,Swingman farewell year — retired as a first-ballot HoFer.,72-90,Farewell year for the championship core — all 11 originals retired together
P008,18,2043,Griffin,,Red Sox,LF,CF,R,R,39,6'1,185,85,86,69,88,70,87,93,51,93,50,40,31,74,66,53,35,29,45,50,76,55,60,55.0,30.0,15.0,25.0,35.0,40.0,65.0,Any Fastball,Any Breaking Ball,Slight Crouch Still,"Outlier (vision),Bomber,One Trick Pony,Lazy,Fastball Hunter",Osu Brain - locks only on FB,Only plays osu,28,62,58,4,12,2,0.0,2,7,4,16,0,0,0.207,0.258,0.345,0.603,-0.2,0,0,0.0,0.0,0,0,0.0,0,0,0,0,0,0,0,0,0,0,28,1,2.0,0.935,0.0,Retired;Final Season;Hall of Fame,,Farewell year as a pinch-hitter — Hall of Famer.,72-90,Farewell year for the championship core — all 11 originals retired together
P009,18,2043,Caden,The Enigma,Red Sox,RP,CP,R,R,38,5'11,170,87,83,55,60,45,50,60,50,55,45,30,25,68,65,80,60,90,55,55,75,55,80,,,,,,,40.0,Mystery,Funky Low 3/4,"Ghost,Sprinter,Pressure Cooker,Mystery Man",Disappears 4 games at a time,Nobody knows anything,0,0,0,0,0,0,0,0.0,0,0,0,0,0,0,0.0,0.0,0.0,0.0,-0.4,0,1,5.4,1.55,25,0,22.0,30,14,16,8,5,0,1,2,0,0,0,1,0.0,1.0,0.0,Retired;Final Season;Hall of Fame,,Farewell year in the bullpen — Hall of Fame closer.,72-90,Farewell year for the championship core — all 11 originals retired together
P010,18,2043,Ronin,,Red Sox,2B,CF/LF/RF,L,R,38,5'8,170,82,85,41,65,58,87,68,29,65,20,57,73,79,37,84,77,93,70,68,82,66,15,70.0,25.0,5.0,30.0,30.0,40.0,82.0,Middle-In,Off Plate,Aggressive Open Big Stride,"Speedster,Bomber,Hot Head,Free Swinger,Rally Killer",Reasonless Rage / 25% ejection,Gets really mad no reasoning,20,31,30,3,6,1,0.0,1,3,1,10,1,0,0.2,0.226,0.333,0.559,-0.1,0,0,0.0,0.0,0,0,0.0,0,0,0,0,0,0,0,0,0,0,16,22,2.0,0.95,0.0,Retired;Final Season,,Farewell year off the bench.,72-90,Farewell year for the championship core — all 11 originals retired together
P011,18,2043,Keaton,My Bigness,Red Sox,1B,3B/DH,R,R,39,6'4,270,84,87,57,68,69,92,62,52,62,50,27,6,90,92,18,9,13,58,62,85,62,75,80.0,18.0,2.0,22.0,28.0,50.0,60.0,Inner Half Belt-High,Outside Corner,Massive Square No Stride,"Bomber,Crowd Pleaser,Trash Talker,Insecure,Pull Hitter",Pull Only - refuses oppo,Best trash talker of all time,18,34,32,2,6,1,0.0,1,3,2,11,0,0,0.188,0.235,0.312,0.548,-0.1,0,0,0.0,0.0,0,0,0.0,0,0,0,0,0,0,0,0,0,0,22,2,1.0,0.96,2.0,Retired;Final Season,,Farewell pinch-hitter year — went out swinging.,72-90,Farewell year for the championship core — all 11 originals retired together
