PlayerID,Season,Year,Name,Nickname,Team,PrimaryPosition,SecondaryPosition,Bats,Throws,Age,Height,Weight,OVR,Potential,ContactL,ContactR,PowerL,PowerR,Vision,Discipline,PlateVision,PlatePatience,Bunting,DragBunting,Durability,ClutchHitting,Speed,Stealing,BRAggression,Fielding,Reaction,ArmStrength,ArmAccuracy,Composure,PullPct,CenterPct,OppoPct,GBPct,LDPct,FBPct,SwingPct,HotZone,ColdZone,BattingStance,Quirks,Flaw,NotableTrait,G,PA,AB,R,H,2B,3B,HR,RBI,BB,SO,SB,CS,AVG,OBP,SLG,OPS,WAR,W,L,ERA,WHIP,P_GP,GS,IP,H_Allowed,ER,K_Pitched,BB_Allowed,HR_Allowed,SV,HLD,BS,CG,SHO,PO,A,E,FPCT,DP,Awards,MLBRecord,SeasonNote,TeamWL,TeamRecord,Pitch1Type,Pitch1MPH,Pitch1Velo,Pitch1Ctrl,Pitch1Break,Pitch2Type,Pitch2MPH,Pitch2Velo,Pitch2Ctrl,Pitch2Break,Pitch3Type,Pitch3MPH,Pitch3Velo,Pitch3Ctrl,Pitch3Break,Pitch4Type,Pitch4MPH,Pitch4Velo,Pitch4Ctrl,Pitch4Break,TeamRecordBroken
P001,1,2026,Cyris Sullivan,Cream Machine,Red Sox,2B,SS,R,R,21,5'7,145,71,92,88,94,22,18,91,88,93,85,90,88,70,99,65,70,75,84,92,68,80,96,30.0,45.0,25.0,55.0,35.0,10.0,38.0,Low Away/Low Middle,High Inside,Crouched Open,"Bad Ball Hitter,Pressure Cooker,Table Setter,Contact Hitter",Tilt Mode after 2 Ks,Always clutch in ranked,135,566,499,53,144,28,1.0,3,36,61,63,41,9,0.289,0.371,0.367,0.738,3.3,0,0,0.0,0.0,0,0,0.0,0,0,0,0,0,0,0,0,0,0,163,329,19.0,0.98,23.0,Led in Stolen Bases,,Rookie debut as starting SS; led team with 41 stolen bases.,75-87,Rebuilding year — finished 4th in AL East,,,,,,,,,,,,,,,,,,,,,
P001,2,2027,Cyris Sullivan,Cream Machine,Red Sox,2B,SS,R,R,21,5'7,145,90,92,99,91,27,38,99,94,99,94,94,94,76,99,66,70,85,90,97,74,86,96,30.0,45.0,25.0,55.0,35.0,10.0,38.0,Low Away/Low Middle,High Inside,Crouched Open,"Bad Ball Hitter,Pressure Cooker,Table Setter,Contact Hitter",Tilt Mode after 2 Ks,Always clutch in ranked,101,422,358,55,126,31,1.0,5,30,58,46,25,9,0.352,0.449,0.486,0.935,5.1,0,0,0.0,0.0,0,0,0.0,0,0,0,0,0,0,0,0,0,0,111,270,7.0,0.982,19.0,,,Breakout sophomore year — hit .352 in only 101 games.,84-78,First winning season since 2023; missed Wild Card,,,,,,,,,,,,,,,,,,,,,
P001,3,2028,Cyris Sullivan,Cream Machine,Red Sox,2B,SS,R,R,21,5'7,145,92,92,99,93,31,47,99,94,99,94,94,95,76,98,66,70,85,92,98,75,88,96,30.0,45.0,25.0,55.0,35.0,10.0,38.0,Low Away/Low Middle,High Inside,Crouched Open,"Bad Ball Hitter,Pressure Cooker,Table Setter,Contact Hitter",Tilt Mode after 2 Ks,Always clutch in ranked,138,594,515,87,168,36,1.0,10,53,69,56,16,5,0.326,0.411,0.458,0.869,6.1,0,0,0.0,0.0,0,0,0.0,0,0,0,0,0,0,0,0,0,0,157,341,7.0,0.986,19.0,Batting Title;Led in Hits,,Won Batting Title and led league in hits; franchise cornerstone.,92-70,AL East Division Title; lost in ALDS,,,,,,,,,,,,,,,,,,,,,
P001,4,2029,Cyris Sullivan,Cream Machine,Red Sox,2B,SS,R,R,21,5'7,145,92,92,99,93,31,47,99,94,99,94,94,95,76,98,66,70,85,92,98,75,88,96,30.0,45.0,25.0,55.0,35.0,10.0,38.0,Low Away/Low Middle,High Inside,Crouched Open,"Bad Ball Hitter,Pressure Cooker,Table Setter,Contact Hitter",Tilt Mode after 2 Ks,Always clutch in ranked,130,552,466,57,138,36,1.0,5,48,77,73,22,5,0.296,0.401,0.41,0.811,5.5,0,0,0.0,0.0,0,0,0.0,0,0,0,0,0,0,0,0,0,0,150,345,5.0,0.99,14.0,Playoff MVP;World Series;Led in Batting Average,,Playoff MVP run powered the first World Series title.,98-64,AL Pennant; WORLD SERIES CHAMPIONS (1st),,,,,,,,,,,,,,,,,,,,,
P001,5,2030,Cyris Sullivan,Cream Machine,Red Sox,SS,2B,R,R,25,5'7,145,92,92,99,93,31,47,99,94,99,94,94,95,76,98,66,70,85,92,98,75,88,96,30.0,45.0,25.0,55.0,35.0,10.0,38.0,Low Away/Low Middle,High Inside,Crouched Open,"Bad Ball Hitter,Pressure Cooker,Table Setter,Contact Hitter",Tilt Mode after 2 Ks,Always clutch in ranked,145,618,542,83,167,35,2.1,9,55,76,61,22,7,0.309,0.394,0.428,0.822,6.0,0,0,0.0,0.0,0,140,0.0,0,0,0,0,0,0,0,0,0,0,156,358,9.0,0.984,22.0,All-Star;Gold Glove 2B;Silver Slugger 2B,,"First ring; locked in as everyday SS, Gold Glove + Silver Slugger combo.",95-67,AL East Title; lost in ALCS,,,,,,,,,,,,,,,,,,,,,
P001,6,2031,Cyris Sullivan,Cream Machine,Red Sox,SS,2B,R,R,26,5'7,145,92,92,99,93,31,47,99,94,99,94,94,95,76,98,66,70,85,92,98,75,88,96,30.0,45.0,25.0,55.0,35.0,10.0,38.0,Low Away/Low Middle,High Inside,Crouched Open,"Bad Ball Hitter,Pressure Cooker,Table Setter,Contact Hitter",Tilt Mode after 2 Ks,Always clutch in ranked,142,610,532,85,165,36,1.0,11,59,78,63,24,7,0.311,0.399,0.443,0.843,6.1,0,0,0.0,0.0,0,139,0.0,0,0,0,0,0,0,0,0,0,0,156,353,6.0,0.988,23.0,All-Star;Gold Glove 2B;Batting Title,,"Second ring; led the league in hits, defensive anchor up the middle.",96-66,AL East Title; lost in ALDS,,,,,,,,,,,,,,,,,,,,,
P001,7,2032,Cyris Sullivan,Cream Machine,Red Sox,SS,2B,R,R,27,5'7,145,92,92,99,93,31,47,99,94,99,94,94,95,76,98,66,70,85,92,98,75,88,96,30.0,45.0,25.0,55.0,35.0,10.0,38.0,Low Away/Low Middle,High Inside,Crouched Open,"Bad Ball Hitter,Pressure Cooker,Table Setter,Contact Hitter",Tilt Mode after 2 Ks,Always clutch in ranked,150,646,562,97,181,39,2.1,14,69,84,61,28,6,0.321,0.409,0.472,0.881,6.5,0,0,0.0,0.0,0,139,0.0,0,0,0,0,0,0,0,0,0,0,168,372,5.0,0.991,26.0,World Series;All-Star;Gold Glove 2B;Silver Slugger 2B,,Won the Batting Title at .342 — pure contact MVP candidate.,102-60,AL Pennant; WORLD SERIES CHAMPIONS (2nd); 100-win season,,,,,,,,,,,,,,,,,,,,,
P001,8,2033,Cyris Sullivan,Cream Machine,Red Sox,SS,2B,R,R,28,5'7,145,92,92,99,93,31,47,99,94,99,94,94,95,76,98,66,70,85,92,98,75,88,96,30.0,45.0,25.0,55.0,35.0,10.0,38.0,Low Away/Low Middle,High Inside,Crouched Open,"Bad Ball Hitter,Pressure Cooker,Table Setter,Contact Hitter",Tilt Mode after 2 Ks,Always clutch in ranked,149,650,567,104,181,39,2.1,15,72,83,61,28,7,0.321,0.408,0.472,0.88,6.7,0,0,0.0,0.0,0,140,0.0,0,0,0,0,0,0,0,0,0,0,166,368,5.0,0.991,25.0,All-Star;Gold Glove 2B;Silver Slugger 2B,,"Career year: 7.2 WAR, MVP, 41 SB — middle-infield force.",104-58,Set franchise record for runs scored (912),,,,,,,,,,,,,,,,,,,,,
P001,9,2034,Cyris Sullivan,Cream Machine,Red Sox,SS,2B,R,R,29,5'7,145,92,92,99,93,31,47,99,94,99,94,94,95,76,98,66,70,85,92,98,75,88,96,30.0,45.0,25.0,55.0,35.0,10.0,38.0,Low Away/Low Middle,High Inside,Crouched Open,"Bad Ball Hitter,Pressure Cooker,Table Setter,Contact Hitter",Tilt Mode after 2 Ks,Always clutch in ranked,149,653,566,109,186,40,3.0,16,76,86,59,30,6,0.329,0.418,0.496,0.915,7.0,0,0,0.0,0.0,0,140,0.0,0,0,0,0,0,0,0,0,0,0,170,368,4.0,0.993,26.0,MVP;All-Star;Gold Glove 2B;Silver Slugger 2B,,Third ring; second batting title — best pure hitter in the league.,108-54,Franchise record 108 wins; lost in ALCS,,,,,,,,,,,,,,,,,,,,,
P001,10,2035,Cyris Sullivan,Cream Machine,Red Sox,SS,2B,R,R,30,5'7,145,92,92,99,93,31,47,99,94,99,94,94,95,76,98,66,70,85,92,98,75,88,96,30.0,45.0,25.0,55.0,35.0,10.0,38.0,Low Away/Low Middle,High Inside,Crouched Open,"Bad Ball Hitter,Pressure Cooker,Table Setter,Contact Hitter",Tilt Mode after 2 Ks,Always clutch in ranked,146,644,557,113,204,43,2.9,17,81,86,60,32,6,0.366,0.451,0.547,0.997,8.1,0,0,0.0,0.0,0,139,0.0,0,0,0,0,0,0,0,0,0,0,165,357,3.0,0.995,27.0,World Series;MVP;All-Star;Gold Glove 2B;Silver Slugger 2B;Batting Title,MLB Single-Season Hits Record by a Second Baseman (212),"Fourth ring; 200-hit season, 9th straight All-Star nod.",111-51,AL Pennant; WORLD SERIES CHAMPIONS (3rd); franchise record 111 wins,,,,,,,,,,,,,,,,,,,,,
P001,11,2036,Cyris Sullivan,Cream Machine,Red Sox,SS,2B,R,R,31,5'7,145,92,92,99,93,31,47,99,94,99,94,94,95,76,98,66,70,85,92,98,75,88,96,30.0,45.0,25.0,55.0,35.0,10.0,38.0,Low Away/Low Middle,High Inside,Crouched Open,"Bad Ball Hitter,Pressure Cooker,Table Setter,Contact Hitter",Tilt Mode after 2 Ks,Always clutch in ranked,145,629,547,107,183,37,1.9,16,76,82,63,29,7,0.335,0.421,0.5,0.921,6.8,0,0,0.0,0.0,0,140,0.0,0,0,0,0,0,0,0,0,0,0,155,348,5.0,0.991,23.0,All-Star;Gold Glove 2B;Silver Slugger 2B,,Set the single-season hits record for a SS (212) — third batting title.,99-63,"Set franchise pitching strikeout record (1,654); lost in ALCS",,,,,,,,,,,,,,,,,,,,,
P001,12,2037,Cyris Sullivan,Cream Machine,Red Sox,SS,2B,R,R,32,5'7,145,92,92,99,93,31,47,99,94,99,94,94,95,76,98,66,70,85,92,98,75,88,96,30.0,45.0,25.0,55.0,35.0,10.0,38.0,Low Away/Low Middle,High Inside,Crouched Open,"Bad Ball Hitter,Pressure Cooker,Table Setter,Contact Hitter",Tilt Mode after 2 Ks,Always clutch in ranked,144,616,540,96,172,35,1.0,14,70,76,64,24,6,0.319,0.403,0.465,0.867,6.0,0,0,0.0,0.0,0,139,0.0,0,0,0,0,0,0,0,0,0,0,152,348,6.0,0.988,22.0,All-Star;Gold Glove 2B,,Range slipping a touch but still elite — 7th career Gold Glove.,95-67,AL East Title; lost in ALDS,,,,,,,,,,,,,,,,,,,,,
P001,13,2038,Cyris Sullivan,Cream Machine,Red Sox,SS,2B,R,R,33,5'7,145,92,92,99,93,31,47,99,94,99,94,94,95,76,98,66,70,85,92,98,75,88,96,30.0,45.0,25.0,55.0,35.0,10.0,38.0,Low Away/Low Middle,High Inside,Crouched Open,"Bad Ball Hitter,Pressure Cooker,Table Setter,Contact Hitter",Tilt Mode after 2 Ks,Always clutch in ranked,155,664,584,98,179,36,1.1,14,72,80,75,22,7,0.307,0.39,0.445,0.835,5.6,0,0,0.0,0.0,0,139,0.0,0,0,0,0,0,0,0,0,0,0,160,374,8.0,0.986,23.0,World Series;All-Star,,First sub-1.0 WAR season — pitchers finally adjusting.,101-61,AL Pennant; WORLD SERIES CHAMPIONS (4th); end of dynasty core era,,,,,,,,,,,,,,,,,,,,,
P001,14,2039,Cyris Sullivan,Cream Machine,Red Sox,SS,2B,R,R,34,5'7,145,92,92,99,93,31,47,99,94,99,94,94,95,76,98,66,70,85,92,98,75,88,96,30.0,45.0,25.0,55.0,35.0,10.0,38.0,Low Away/Low Middle,High Inside,Crouched Open,"Bad Ball Hitter,Pressure Cooker,Table Setter,Contact Hitter",Tilt Mode after 2 Ks,Always clutch in ranked,143,600,532,83,157,30,1.0,11,61,69,74,17,6,0.295,0.376,0.42,0.796,4.8,0,0,0.0,0.0,0,122,0.0,0,0,0,0,0,0,0,0,0,0,146,344,8.0,0.983,20.0,Gold Glove 2B,,Quiet bounce-back at .298 — veteran leadership year.,88-74,Missed playoffs for first time since 2027,,,,,,,,,,,,,,,,,,,,,
P001,15,2040,Cyris Sullivan,Cream Machine,Red Sox,SS,2B,R,R,35,5'7,145,92,92,99,93,31,47,99,94,99,94,94,95,76,98,66,70,85,92,98,75,88,96,30.0,45.0,25.0,55.0,35.0,10.0,38.0,Low Away/Low Middle,High Inside,Crouched Open,"Bad Ball Hitter,Pressure Cooker,Table Setter,Contact Hitter",Tilt Mode after 2 Ks,Always clutch in ranked,142,588,523,76,147,26,0.0,11,58,64,80,13,5,0.28,0.358,0.394,0.753,3.8,0,0,0.0,0.0,0,121,0.0,0,0,0,0,0,0,0,0,0,0,142,342,9.0,0.982,20.0,,,Set the franchise single-season hits record (212) at age 35.,84-78,Missed playoffs; began transition phase,,,,,,,,,,,,,,,,,,,,,Franchise Single-Season Hits Record (212)
P001,16,2041,Cyris Sullivan,Cream Machine,Red Sox,SS,2B,R,R,36,5'7,145,92,92,99,93,31,47,99,94,99,94,94,95,76,98,66,70,85,92,98,75,88,96,30.0,45.0,25.0,55.0,35.0,10.0,38.0,Low Away/Low Middle,High Inside,Crouched Open,"Bad Ball Hitter,Pressure Cooker,Table Setter,Contact Hitter",Tilt Mode after 2 Ks,Always clutch in ranked,144,588,527,68,144,27,0.0,11,56,61,89,11,4,0.273,0.349,0.387,0.735,2.9,0,0,0.0,0.0,0,98,0.0,0,0,0,0,0,0,0,0,0,0,140,344,11.0,0.978,20.0,,,Hit .280 with 30 doubles — savvy veteran SS.,79-83,First losing season since 2026,,,,,,,,,,,,,,,,,,,,,
P001,17,2042,Cyris Sullivan,Cream Machine,Red Sox,SS,2B,R,R,37,5'7,145,92,92,99,93,31,47,99,94,99,94,94,95,76,98,66,70,85,92,98,75,88,96,30.0,45.0,25.0,55.0,35.0,10.0,38.0,Low Away/Low Middle,High Inside,Crouched Open,"Bad Ball Hitter,Pressure Cooker,Table Setter,Contact Hitter",Tilt Mode after 2 Ks,Always clutch in ranked,148,595,534,61,139,26,0.0,10,56,61,101,9,4,0.261,0.337,0.367,0.703,2.0,0,0,0.0,0.0,0,98,0.0,0,0,0,0,0,0,0,0,0,0,139,349,13.0,0.974,20.0,,,"Final All-Star nod; passed 2,500 career hits.",76-86,Rebuild — final season for several core veterans,,,,,,,,,,,,,,,,,,,,,
P001,18,2043,Cyris Sullivan,Cream Machine,Red Sox,SS,2B,R,R,38,5'7,145,92,92,99,93,31,47,99,94,99,94,94,95,76,98,66,70,85,92,98,75,88,96,30.0,45.0,25.0,55.0,35.0,10.0,38.0,Low Away/Low Middle,High Inside,Crouched Open,"Bad Ball Hitter,Pressure Cooker,Table Setter,Contact Hitter",Tilt Mode after 2 Ks,Always clutch in ranked,149,587,528,54,132,24,0.0,9,47,59,110,7,3,0.25,0.326,0.343,0.669,1.0,0,0,0.0,0.0,0,98,0.0,0,0,0,0,0,0,0,0,0,0,132,335,16.0,0.968,19.0,Retired;Final Season;First Ballot Hall of Fame,,Farewell year — retired as a first-ballot Hall of Famer.,72-90,Farewell year for the championship core — all 11 originals retired together,,,,,,,,,,,,,,,,,,,,,
P002,1,2026,Shea Harrison,,Red Sox,1B,3B/DH,L,R,22,5'9,215,68,84,55,35,93,65,48,45,50,40,20,15,85,88,22,15,25,50,55,72,50,70,75.0,20.0,5.0,25.0,25.0,50.0,72.0,Middle In Belt-High,Outside/High Heat,Open Wide w/ Leg Kick,"Crowd Pleaser,Dead Red,Bomber,Free Swinger",Empty Stadium Slump,Only tries when watched,162,653,618,59,144,19,1.0,26,73,32,132,5,2,0.233,0.274,0.408,0.682,-1.8,0,0,0.0,0.0,0,0,0.0,0,0,0,0,0,0,0,0,0,0,0,0,0.0,0.0,29.0,Rookie Of The Year,,Rookie of the Year — 26 HR power debut despite low OBP.,75-87,Rebuilding year — finished 4th in AL East,,,,,,,,,,,,,,,,,,,,,
P002,2,2027,Shea Harrison,,Red Sox,1B,3B/DH,L,R,22,5'9,215,82,84,62,50,64,99,57,49,57,40,25,20,90,93,22,21,31,56,56,78,56,70,75.0,20.0,5.0,25.0,25.0,50.0,72.0,Middle In Belt-High,Outside/High Heat,Open Wide w/ Leg Kick,"Crowd Pleaser,Dead Red,Bomber,Free Swinger",Empty Stadium Slump,Only tries when watched,159,641,602,75,149,12,1.0,37,77,32,129,8,3,0.249,0.292,0.455,0.747,-0.3,0,0,0.0,0.0,0,0,0.0,0,0,0,0,0,0,0,0,0,0,14,1,0.0,1.0,24.0,Silver Slugger 1B,,Bigger power season (37 HR) and first Silver Slugger DH.,84-78,First winning season since 2023; missed Wild Card,,,,,,,,,,,,,,,,,,,,,
P002,3,2028,Shea Harrison,,Red Sox,1B,3B/DH,L,R,22,5'9,215,84,84,65,53,68,98,59,50,59,40,25,21,90,94,22,21,31,56,56,78,56,70,75.0,20.0,5.0,25.0,25.0,50.0,72.0,Middle In Belt-High,Outside/High Heat,Open Wide w/ Leg Kick,"Crowd Pleaser,Dead Red,Bomber,Free Swinger",Empty Stadium Slump,Only tries when watched,156,631,591,88,152,27,1.0,44,98,33,110,6,6,0.257,0.303,0.53,0.833,1.1,0,0,0.0,0.0,0,0,0.0,0,0,0,0,0,0,0,0,0,0,2,0,0.0,1.0,29.0,Silver Slugger 1B;Led in HR,,Led the league in HR (44); second straight Silver Slugger.,92-70,AL East Division Title; lost in ALDS,,,,,,,,,,,,,,,,,,,,,
P002,4,2029,Shea Harrison,,Red Sox,1B,3B/DH,L,R,22,5'9,215,84,84,65,53,68,98,59,50,59,40,25,21,90,94,22,21,31,56,56,78,56,70,75.0,20.0,5.0,25.0,25.0,50.0,72.0,Middle In Belt-High,Outside/High Heat,Open Wide w/ Leg Kick,"Crowd Pleaser,Dead Red,Bomber,Free Swinger",Empty Stadium Slump,Only tries when watched,146,608,564,67,140,25,1.0,26,76,41,128,9,1,0.248,0.301,0.434,0.735,0.6,0,0,0.0,0.0,0,0,0.0,0,0,0,0,0,0,0,0,0,0,1013,126,13.0,0.989,29.0,World Series,,First ring; quieter power year (26 HR) but contributed.,98-64,AL Pennant; WORLD SERIES CHAMPIONS (1st),,,,,,,,,,,,,,,,,,,,,
P002,5,2030,Shea Harrison,,Red Sox,1B,3B/DH,L,R,26,5'9,215,84,84,65,53,68,98,59,50,59,40,25,21,90,94,22,21,31,56,56,78,56,70,75.0,20.0,5.0,25.0,25.0,50.0,72.0,Middle In Belt-High,Outside/High Heat,Open Wide w/ Leg Kick,"Crowd Pleaser,Dead Red,Bomber,Free Swinger",Empty Stadium Slump,Only tries when watched,162,657,622,84,155,25,1.0,40,95,35,134,4,2,0.249,0.289,0.484,0.773,0.7,0,0,0.0,0.0,0,143,0.0,0,0,0,0,0,0,0,0,0,0,19,2,0.0,1.0,2.0,Silver Slugger 1B,,First ring; 32-HR season as the everyday 1B.,95-67,AL East Title; lost in ALCS,,,,,,,,,,,,,,,,,,,,,
P002,6,2031,Shea Harrison,,Red Sox,1B,3B/DH,L,R,27,5'9,215,84,84,65,53,68,98,59,50,59,40,25,21,90,94,22,21,31,56,56,78,56,70,75.0,20.0,5.0,25.0,25.0,50.0,72.0,Middle In Belt-High,Outside/High Heat,Open Wide w/ Leg Kick,"Crowd Pleaser,Dead Red,Bomber,Free Swinger",Empty Stadium Slump,Only tries when watched,146,594,562,79,143,20,0.0,37,95,33,117,3,1,0.255,0.296,0.491,0.788,1.1,0,0,0.0,0.0,0,143,0.0,0,0,0,0,0,0,0,0,0,0,11,0,0.0,1.0,1.0,Silver Slugger 1B;Led in HR,,Second ring; first Silver Slugger 1B nod — 38 HR power year.,96-66,AL East Title; lost in ALDS,,,,,,,,,,,,,,,,,,,,,
P002,7,2032,Shea Harrison,,Red Sox,1B,3B/DH,L,R,28,5'9,215,84,84,65,53,68,98,59,50,59,40,25,21,90,94,22,21,31,56,56,78,56,70,75.0,20.0,5.0,25.0,25.0,50.0,72.0,Middle In Belt-High,Outside/High Heat,Open Wide w/ Leg Kick,"Crowd Pleaser,Dead Red,Bomber,Free Swinger",Empty Stadium Slump,Only tries when watched,152,627,590,90,157,25,1.0,41,107,36,119,2,1,0.265,0.308,0.519,0.827,1.7,0,0,0.0,0.0,0,143,0.0,0,0,0,0,0,0,0,0,0,0,14,1,0.0,1.0,1.0,World Series;Silver Slugger 1B;Led in RBI,,Led the league in HR with 47 — finally getting his RBI count right.,102-60,AL Pennant; WORLD SERIES CHAMPIONS (2nd); 100-win season,,,,,,,,,,,,,,,,,,,,,
P002,8,2033,Shea Harrison,,Red Sox,1B,3B/DH,L,R,29,5'9,215,84,84,65,53,68,98,59,50,59,40,25,21,90,94,22,21,31,56,56,78,56,70,75.0,20.0,5.0,25.0,25.0,50.0,72.0,Middle In Belt-High,Outside/High Heat,Open Wide w/ Leg Kick,"Crowd Pleaser,Dead Red,Bomber,Free Swinger",Empty Stadium Slump,Only tries when watched,159,649,612,92,161,23,1.0,42,107,38,121,3,1,0.263,0.306,0.511,0.817,1.9,0,0,0.0,0.0,0,143,0.0,0,0,0,0,0,0,0,0,0,0,6,0,0.0,1.0,1.0,All-Star;Silver Slugger 1B;Led in HR,,"Career-best .278 average, 45 HR — Top 5 MVP finish.",104-58,Set franchise record for runs scored (912),,,,,,,,,,,,,,,,,,,,,
P002,9,2034,Shea Harrison,,Red Sox,1B,3B/DH,L,R,30,5'9,215,84,84,65,53,68,98,59,50,59,40,25,21,90,94,22,21,31,56,56,78,56,70,75.0,20.0,5.0,25.0,25.0,50.0,72.0,Middle In Belt-High,Outside/High Heat,Open Wide w/ Leg Kick,"Crowd Pleaser,Dead Red,Bomber,Free Swinger",Empty Stadium Slump,Only tries when watched,153,630,590,93,153,22,0.0,43,113,38,124,2,1,0.259,0.305,0.516,0.821,2.3,0,0,0.0,0.0,0,143,0.0,0,0,0,0,0,0,0,0,0,0,4,0,0.0,1.0,0.0,All-Star;Silver Slugger 1B,,Third ring; another 40-HR season.,108-54,Franchise record 108 wins; lost in ALCS,,,,,,,,,,,,,,,,,,,,,
P002,10,2035,Shea Harrison,,Red Sox,1B,3B/DH,L,R,31,5'9,215,84,84,65,53,68,98,59,50,59,40,25,21,90,94,22,21,31,56,56,78,56,70,75.0,20.0,5.0,25.0,25.0,50.0,72.0,Middle In Belt-High,Outside/High Heat,Open Wide w/ Leg Kick,"Crowd Pleaser,Dead Red,Bomber,Free Swinger",Empty Stadium Slump,Only tries when watched,160,664,622,102,168,26,0.0,48,124,42,124,1,0,0.27,0.316,0.543,0.86,2.8,0,0,0.0,0.0,0,143,0.0,0,0,0,0,0,0,0,0,0,0,5,0,0.0,1.0,1.0,World Series;All-Star;Silver Slugger 1B;Led in HR;Led in RBI,,Fourth straight 40-HR year — face of the lineup.,111-51,AL Pennant; WORLD SERIES CHAMPIONS (3rd); franchise record 111 wins,,,,,,,,,,,,,,,,,,,,,
P002,11,2036,Shea Harrison,,Red Sox,1B,3B/DH,L,R,32,5'9,215,84,84,65,53,68,98,59,50,59,40,25,21,90,94,22,21,31,56,56,78,56,70,75.0,20.0,5.0,25.0,25.0,50.0,72.0,Middle In Belt-High,Outside/High Heat,Open Wide w/ Leg Kick,"Crowd Pleaser,Dead Red,Bomber,Free Swinger",Empty Stadium Slump,Only tries when watched,154,622,586,86,149,22,1.0,42,108,36,127,2,1,0.254,0.297,0.51,0.807,1.7,0,0,0.0,0.0,0,143,0.0,0,0,0,0,0,0,0,0,0,0,4,0,0.0,1.0,0.0,Silver Slugger 1B,,Slugged .580; runner-up MVP voting.,99-63,"Set franchise pitching strikeout record (1,654); lost in ALCS",,,,,,,,,,,,,,,,,,,,,
P002,12,2037,Shea Harrison,,Red Sox,1B,3B/DH,L,R,33,5'9,215,84,84,65,53,68,98,59,50,59,40,25,21,90,94,22,21,31,56,56,78,56,70,75.0,20.0,5.0,25.0,25.0,50.0,72.0,Middle In Belt-High,Outside/High Heat,Open Wide w/ Leg Kick,"Crowd Pleaser,Dead Red,Bomber,Free Swinger",Empty Stadium Slump,Only tries when watched,146,590,557,77,137,20,0.0,36,96,33,129,1,0,0.245,0.287,0.476,0.763,1.0,0,0,0.0,0.0,0,143,0.0,0,0,0,0,0,0,0,0,0,0,3,0,0.0,1.0,0.0,,,Quiet 35 HR year by his standards.,95-67,AL East Title; lost in ALDS,,,,,,,,,,,,,,,,,,,,,
P002,13,2038,Shea Harrison,,Red Sox,1B,3B/DH,L,R,34,5'9,215,84,84,65,53,68,98,59,50,59,40,25,21,90,94,22,21,31,56,56,78,56,70,75.0,20.0,5.0,25.0,25.0,50.0,72.0,Middle In Belt-High,Outside/High Heat,Open Wide w/ Leg Kick,"Crowd Pleaser,Dead Red,Bomber,Free Swinger",Empty Stadium Slump,Only tries when watched,151,606,573,74,135,18,0.0,35,94,33,138,1,0,0.235,0.276,0.448,0.724,0.5,0,0,0.0,0.0,0,143,0.0,0,0,0,0,0,0,0,0,0,0,2,0,0.0,1.0,0.0,World Series;500th Career HR,5th Player to 500+ HR as a First Baseman,Hit 39 HR; team's primary cleanup hitter.,101-61,AL Pennant; WORLD SERIES CHAMPIONS (4th); end of dynasty core era,,,,,,,,,,,,,,,,,,,,,
P002,14,2039,Shea Harrison,,Red Sox,1B,3B/DH,L,R,35,5'9,215,84,84,65,53,68,98,59,50,59,40,25,21,90,94,22,21,31,56,56,78,56,70,75.0,20.0,5.0,25.0,25.0,50.0,72.0,Middle In Belt-High,Outside/High Heat,Open Wide w/ Leg Kick,"Crowd Pleaser,Dead Red,Bomber,Free Swinger",Empty Stadium Slump,Only tries when watched,159,632,599,72,134,18,0.0,34,91,32,157,0,0,0.223,0.263,0.424,0.687,0.0,0,0,0.0,0.0,0,125,0.0,0,0,0,0,0,0,0,0,0,0,2,0,0.0,1.0,0.0,,,Back to 42 HR — clutch postseason run.,88-74,Missed playoffs for first time since 2027,,,,,,,,,,,,,,,,,,,,,
P002,15,2040,Shea Harrison,,Red Sox,1B,3B/DH,L,R,36,5'9,215,84,84,65,53,68,98,59,50,59,40,25,21,90,94,22,21,31,56,56,78,56,70,75.0,20.0,5.0,25.0,25.0,50.0,72.0,Middle In Belt-High,Outside/High Heat,Open Wide w/ Leg Kick,"Crowd Pleaser,Dead Red,Bomber,Free Swinger",Empty Stadium Slump,Only tries when watched,156,612,583,63,124,15,0.0,29,79,29,161,0,0,0.213,0.251,0.389,0.64,-0.6,0,0,0.0,0.0,0,124,0.0,0,0,0,0,0,0,0,0,0,0,1,0,0.0,1.0,0.0,,,Cooled off to 33 HR — defense at 1B held up.,84-78,Missed playoffs; began transition phase,,,,,,,,,,,,,,,,,,,,,
P002,16,2041,Shea Harrison,,Red Sox,1B,3B/DH,L,R,37,5'9,215,84,84,65,53,68,98,59,50,59,40,25,21,90,94,22,21,31,56,56,78,56,70,75.0,20.0,5.0,25.0,25.0,50.0,72.0,Middle In Belt-High,Outside/High Heat,Open Wide w/ Leg Kick,"Crowd Pleaser,Dead Red,Bomber,Free Swinger",Empty Stadium Slump,Only tries when watched,154,595,569,55,117,15,0.0,27,73,27,161,0,0,0.206,0.241,0.371,0.613,-1.1,0,0,0.0,0.0,0,101,0.0,0,0,0,0,0,0,0,0,0,0,0,0,0.0,0.0,0.0,,,Slid into a 1B/DH split — still 30+ HR.,79-83,First losing season since 2026,,,,,,,,,,,,,,,,,,,,,
P002,17,2042,Shea Harrison,,Red Sox,1B,3B/DH,L,R,38,5'9,215,84,84,65,53,68,98,59,50,59,40,25,21,90,94,22,21,31,56,56,78,56,70,75.0,20.0,5.0,25.0,25.0,50.0,72.0,Middle In Belt-High,Outside/High Heat,Open Wide w/ Leg Kick,"Crowd Pleaser,Dead Red,Bomber,Free Swinger",Empty Stadium Slump,Only tries when watched,150,553,527,47,106,12,0.0,22,65,26,164,0,0,0.201,0.238,0.351,0.589,-1.8,0,0,0.0,0.0,0,101,0.0,0,0,0,0,0,0,0,0,0,0,0,0,0.0,0.0,0.0,,,Hit his 500th career HR — fifth-ever DH to do it.,76-86,Rebuild — final season for several core veterans,,,,,,,,,,,,,,,,,,,,,
P002,18,2043,Shea Harrison,,Red Sox,1B,3B/DH,L,R,39,5'9,215,84,84,65,53,68,98,59,50,59,40,25,21,90,94,22,21,31,56,56,78,56,70,75.0,20.0,5.0,25.0,25.0,50.0,72.0,Middle In Belt-High,Outside/High Heat,Open Wide w/ Leg Kick,"Crowd Pleaser,Dead Red,Bomber,Free Swinger",Empty Stadium Slump,Only tries when watched,152,475,450,36,85,12,0.0,16,49,24,168,0,0,0.189,0.231,0.318,0.548,-1.8,0,0,0.0,0.0,0,69,0.0,0,0,0,0,0,0,0,0,0,0,0,0,0.0,0.0,0.0,Retired;Final Season;Hall of Fame,,Fourth ring; retired with 595 career HR — Hall of Famer.,72-90,Farewell year for the championship core — all 11 originals retired together,,,,,,,,,,,,,,,,,,,,,Franchise First Player to 500 Career HR
P003,1,2026,Jaedan,The Otaku,Red Sox,RF,,R,R,21,6'2,155,70,80,68,72,70,75,65,60,68,55,40,38,60,35,50,45,80,70,65,88,72,30,50.0,30.0,20.0,30.0,35.0,35.0,60.0,Middle/Middle-Up,Low Away,Tall Upright,"Outlier (arm),Showboat,Glamour Stats",One and Done,Bat flips guaranteed,87,364,341,45,94,12,0.0,21,52,21,46,15,8,0.276,0.32,0.496,0.816,1.0,0,0,0.0,0.0,0,0,0.0,0,0,0,0,0,0,0,0,0,0,196,9,4.0,0.981,9.0,,,Half-season starter — 21 HR and 1.0 WAR in 87 games.,75-87,Rebuilding year — finished 4th in AL East,,,,,,,,,,,,,,,,,,,,,
P003,2,2027,Jaedan,The Otaku,Red Sox,RF,,R,R,21,6'2,155,80,80,64,70,64,74,72,57,72,55,38,37,59,37,48,46,80,70,65,88,72,30,50.0,30.0,20.0,30.0,35.0,35.0,60.0,Middle/Middle-Up,Low Away,Tall Upright,"Outlier (arm),Showboat,Glamour Stats",One and Done,Bat flips guaranteed,86,338,341,39,75,15,4.0,9,28,24,63,11,2,0.249,0.301,0.403,0.704,-0.2,0,0,0.0,0.0,0,0,0.0,0,0,0,0,0,0,0,0,0,0,168,11,4.0,0.978,7.0,,,"Sophomore slump: power vanished, dropped to just 9 HR.",84-78,First winning season since 2023; missed Wild Card,,,,,,,,,,,,,,,,,,,,,
P003,3,2028,Jaedan,The Otaku,Red Sox,RF,,R,R,21,6'2,155,81,80,66,74,60,77,72,56,72,55,38,37,59,39,48,46,80,70,65,88,72,30,50.0,30.0,20.0,30.0,35.0,35.0,60.0,Middle/Middle-Up,Low Away,Tall Upright,"Outlier (arm),Showboat,Glamour Stats",One and Done,Bat flips guaranteed,126,496,460,67,129,27,2.0,29,79,31,76,10,5,0.28,0.333,0.537,0.87,3.0,0,0,0.0,0.0,0,0,0.0,0,0,0,0,0,0,0,0,0,0,280,9,4.0,0.986,14.0,,,Bounce-back career year: 29 HR and .870 OPS.,92-70,AL East Division Title; lost in ALDS,,,,,,,,,,,,,,,,,,,,,
P003,4,2029,Jaedan,The Otaku,Red Sox,RF,,R,R,21,6'2,155,81,80,66,74,60,77,72,56,72,55,38,37,59,39,48,46,80,70,65,88,72,30,50.0,30.0,20.0,30.0,35.0,35.0,60.0,Middle/Middle-Up,Low Away,Tall Upright,"Outlier (arm),Showboat,Glamour Stats",One and Done,Bat flips guaranteed,79,330,298,24,70,15,1.0,6,19,30,43,10,2,0.235,0.309,0.352,0.661,0.8,0,0,0.0,0.0,0,0,0.0,0,0,0,0,0,0,0,0,0,0,160,8,1.0,0.994,9.0,World Series,,"First ring; rotated through the lineup, slugged .352 in 79 G.",98-64,AL Pennant; WORLD SERIES CHAMPIONS (1st),,,,,,,,,,,,,,,,,,,,,
P003,5,2030,Jaedan,The Otaku,Red Sox,RF,,R,R,25,6'2,155,81,80,66,74,60,77,72,56,72,55,38,37,59,39,48,46,80,70,65,88,72,30,50.0,30.0,20.0,30.0,35.0,35.0,60.0,Middle/Middle-Up,Low Away,Tall Upright,"Outlier (arm),Showboat,Glamour Stats",One and Done,Bat flips guaranteed,145,581,544,75,142,28,1.3,28,80,38,88,14,5,0.262,0.31,0.476,0.786,2.1,0,0,0.0,0.0,0,133,0.0,0,0,0,0,0,0,0,0,0,0,272,13,4.0,0.987,3.0,,,First ring; cannon arm in RF — 18 outfield assists.,95-67,AL East Title; lost in ALCS,,,,,,,,,,,,,,,,,,,,,
P003,6,2031,Jaedan,The Otaku,Red Sox,RF,,R,R,26,6'2,155,81,80,66,74,60,77,72,56,72,55,38,37,59,39,48,46,80,70,65,88,72,30,50.0,30.0,20.0,30.0,35.0,35.0,60.0,Middle/Middle-Up,Low Away,Tall Upright,"Outlier (arm),Showboat,Glamour Stats",One and Done,Bat flips guaranteed,138,558,521,65,126,24,2.9,20,59,36,102,12,4,0.241,0.29,0.411,0.701,0.7,0,0,0.0,0.0,0,133,0.0,0,0,0,0,0,0,0,0,0,0,250,12,6.0,0.979,1.0,,,Bat flips for days — 28 HR with the loudest arm in baseball.,96-66,AL East Title; lost in ALDS,,,,,,,,,,,,,,,,,,,,,
P003,7,2032,Jaedan,The Otaku,Red Sox,RF,,R,R,27,6'2,155,81,80,66,74,60,77,72,56,72,55,38,37,59,39,48,46,80,70,65,88,72,30,50.0,30.0,20.0,30.0,35.0,35.0,60.0,Middle/Middle-Up,Low Away,Tall Upright,"Outlier (arm),Showboat,Glamour Stats",One and Done,Bat flips guaranteed,138,548,512,73,137,28,2.3,28,83,37,76,15,5,0.267,0.317,0.492,0.809,2.8,0,0,0.0,0.0,0,133,0.0,0,0,0,0,0,0,0,0,0,0,247,12,2.0,0.991,2.0,World Series,,RF defensive highlights all year; second ring.,102-60,AL Pennant; WORLD SERIES CHAMPIONS (2nd); 100-win season,,,,,,,,,,,,,,,,,,,,,
P003,8,2033,Jaedan,The Otaku,Red Sox,RF,,R,R,28,6'2,155,81,80,66,74,60,77,72,56,72,55,38,37,59,39,48,46,80,70,65,88,72,30,50.0,30.0,20.0,30.0,35.0,35.0,60.0,Middle/Middle-Up,Low Away,Tall Upright,"Outlier (arm),Showboat,Glamour Stats",One and Done,Bat flips guaranteed,147,590,553,80,146,28,2.3,30,85,38,82,14,5,0.264,0.311,0.489,0.8,2.9,0,0,0.0,0.0,0,133,0.0,0,0,0,0,0,0,0,0,0,0,256,14,3.0,0.987,2.0,,,30-HR season; team's most versatile defender.,104-58,Set franchise record for runs scored (912),,,,,,,,,,,,,,,,,,,,,
P003,9,2034,Jaedan,The Otaku,Red Sox,RF,,R,R,29,6'2,155,81,80,66,74,60,77,72,56,72,55,38,37,59,39,48,46,80,70,65,88,72,30,50.0,30.0,20.0,30.0,35.0,35.0,60.0,Middle/Middle-Up,Low Away,Tall Upright,"Outlier (arm),Showboat,Glamour Stats",One and Done,Bat flips guaranteed,138,550,517,70,127,24,1.1,26,72,32,87,11,4,0.244,0.289,0.443,0.733,2.1,0,0,0.0,0.0,0,133,0.0,0,0,0,0,0,0,0,0,0,0,240,11,5.0,0.982,2.0,,,Played all three OF spots plus 3B emergency duty.,108-54,Franchise record 108 wins; lost in ALCS,,,,,,,,,,,,,,,,,,,,,
P003,10,2035,Jaedan,The Otaku,Red Sox,RF,,R,R,30,6'2,155,81,80,66,74,60,77,72,56,72,55,38,37,59,39,48,46,80,70,65,88,72,30,50.0,30.0,20.0,30.0,35.0,35.0,60.0,Middle/Middle-Up,Low Away,Tall Upright,"Outlier (arm),Showboat,Glamour Stats",One and Done,Bat flips guaranteed,146,572,538,64,120,21,1.5,21,64,34,105,11,5,0.223,0.269,0.389,0.657,0.6,0,0,0.0,0.0,0,133,0.0,0,0,0,0,0,0,0,0,0,0,258,12,8.0,0.972,2.0,World Series,,Third ring; jack-of-all-trades — 25 HR everywhere on the field.,111-51,AL Pennant; WORLD SERIES CHAMPIONS (3rd); franchise record 111 wins,,,,,,,,,,,,,,,,,,,,,
P003,11,2036,Jaedan,The Otaku,Red Sox,RF,,R,R,31,6'2,155,81,80,66,74,60,77,72,56,72,55,38,37,59,39,48,46,80,70,65,88,72,30,50.0,30.0,20.0,30.0,35.0,35.0,60.0,Middle/Middle-Up,Low Away,Tall Upright,"Outlier (arm),Showboat,Glamour Stats",One and Done,Bat flips guaranteed,146,564,531,59,120,20,1.6,20,63,33,120,10,3,0.225,0.271,0.381,0.652,-0.3,0,0,0.0,0.0,0,132,0.0,0,0,0,0,0,0,0,0,0,0,252,12,10.0,0.964,2.0,,,Quietly solid; team's emergency closer fill-in for 4 games.,99-63,"Set franchise pitching strikeout record (1,654); lost in ALCS",,,,,,,,,,,,,,,,,,,,,
P003,12,2037,Jaedan,The Otaku,Red Sox,RF,,R,R,32,6'2,155,81,80,66,74,60,77,72,56,72,55,38,37,59,39,48,46,80,70,65,88,72,30,50.0,30.0,20.0,30.0,35.0,35.0,60.0,Middle/Middle-Up,Low Away,Tall Upright,"Outlier (arm),Showboat,Glamour Stats",One and Done,Bat flips guaranteed,143,539,508,50,107,19,0.0,16,50,33,129,7,5,0.209,0.256,0.341,0.597,-1.8,0,0,0.0,0.0,0,133,0.0,0,0,0,0,0,0,0,0,0,0,243,12,12.0,0.957,2.0,,,Started games at six different positions — incredible utility.,95-67,AL East Title; lost in ALDS,,,,,,,,,,,,,,,,,,,,,
P003,13,2038,Jaedan,The Otaku,Red Sox,RF,,R,R,33,6'2,155,81,80,66,74,60,77,72,56,72,55,38,37,59,39,48,46,80,70,65,88,72,30,50.0,30.0,20.0,30.0,35.0,35.0,60.0,Middle/Middle-Up,Low Away,Tall Upright,"Outlier (arm),Showboat,Glamour Stats",One and Done,Bat flips guaranteed,138,407,383,43,81,15,2.1,12,43,26,110,4,2,0.211,0.26,0.361,0.622,-1.3,0,0,0.0,0.0,0,132,0.0,0,0,0,0,0,0,0,0,0,0,202,9,9.0,0.961,2.0,World Series,,Bat woke up — 32 HR and .265 AVG.,101-61,AL Pennant; WORLD SERIES CHAMPIONS (4th); end of dynasty core era,,,,,,,,,,,,,,,,,,,,,
P003,14,2039,Jaedan,The Otaku,Red Sox,RF,,R,R,34,6'2,155,81,80,66,74,60,77,72,56,72,55,38,37,59,39,48,46,80,70,65,88,72,30,50.0,30.0,20.0,30.0,35.0,35.0,60.0,Middle/Middle-Up,Low Away,Tall Upright,"Outlier (arm),Showboat,Glamour Stats",One and Done,Bat flips guaranteed,149,414,387,42,77,14,0.0,12,42,27,125,3,3,0.2,0.252,0.331,0.583,-1.7,0,0,0.0,0.0,0,64,0.0,0,0,0,0,0,0,0,0,0,0,202,9,12.0,0.947,0.0,,,Fourth ring; emergency catcher cameo plus 28 HR.,88-74,Missed playoffs for first time since 2027,,,,,,,,,,,,,,,,,,,,,
P003,15,2040,Jaedan,The Otaku,Red Sox,RF,,R,R,35,6'2,155,81,80,66,74,60,77,72,56,72,55,38,37,59,39,48,46,80,70,65,88,72,30,50.0,30.0,20.0,30.0,35.0,35.0,60.0,Middle/Middle-Up,Low Away,Tall Upright,"Outlier (arm),Showboat,Glamour Stats",One and Done,Bat flips guaranteed,138,308,290,30,50,10,0.0,8,30,18,102,4,0,0.175,0.224,0.287,0.511,-1.4,0,0,0.0,0.0,0,65,0.0,0,0,0,0,0,0,0,0,0,0,138,8,10.0,0.93,0.0,,,Hit 25 HR; the team's swiss army knife.,84-78,Missed playoffs; began transition phase,,,,,,,,,,,,,,,,,,,,,
P003,16,2041,Jaedan,The Otaku,Red Sox,RF,,R,R,36,6'2,155,81,80,66,74,60,77,72,56,72,55,38,37,59,39,48,46,80,70,65,88,72,30,50.0,30.0,20.0,30.0,35.0,35.0,60.0,Middle/Middle-Up,Low Away,Tall Upright,"Outlier (arm),Showboat,Glamour Stats",One and Done,Bat flips guaranteed,147,289,273,26,53,10,0.0,5,26,16,94,0,0,0.192,0.236,0.288,0.525,-1.5,0,0,0.0,0.0,0,62,0.0,0,0,0,0,0,0,0,0,0,0,116,5,10.0,0.92,0.0,,,Still flashing arm strength — 19 OF assists.,79-83,First losing season since 2026,,,,,,,,,,,,,,,,,,,,,
P003,17,2042,Jaedan,The Otaku,Red Sox,RF,,R,R,37,6'2,155,81,80,66,74,60,77,72,56,72,55,38,37,59,39,48,46,80,70,65,88,72,30,50.0,30.0,20.0,30.0,35.0,35.0,60.0,Middle/Middle-Up,Low Away,Tall Upright,"Outlier (arm),Showboat,Glamour Stats",One and Done,Bat flips guaranteed,138,251,238,25,44,7,0.0,7,19,12,88,0,0,0.184,0.225,0.289,0.514,-1.3,0,0,0.0,0.0,0,59,0.0,0,0,0,0,0,0,0,0,0,0,100,7,12.0,0.895,0.0,,,Veteran utility role; 18 HR off the bench-ish role.,76-86,Rebuild — final season for several core veterans,,,,,,,,,,,,,,,,,,,,,
P003,18,2043,Jaedan,The Otaku,Red Sox,RF,,R,R,38,6'2,155,81,80,66,74,60,77,72,56,72,55,38,37,59,39,48,46,80,70,65,88,72,30,50.0,30.0,20.0,30.0,35.0,35.0,60.0,Middle/Middle-Up,Low Away,Tall Upright,"Outlier (arm),Showboat,Glamour Stats",One and Done,Bat flips guaranteed,144,232,224,24,40,8,0.0,0,16,8,88,0,0,0.179,0.207,0.214,0.421,-1.5,0,0,0.0,0.0,0,64,0.0,0,0,0,0,0,0,0,0,0,0,96,0,16.0,0.857,0.0,Retired;Final Season,,Farewell — retired the franchise's most positionally-flexible player.,72-90,Farewell year for the championship core — all 11 originals retired together,,,,,,,,,,,,,,,,,,,,,
P004,1,2026,Gui,Acid Chair,Red Sox,C,3B/1B,R,R,22,5'10,195,65,88,75,78,55,62,89,86,91,88,65,40,80,75,55,30,50,90,85,84,88,78,40.0,25.0,35.0,45.0,20.0,35.0,,High Inside FB,Balanced Square,"Pitch Whisperer,Defensive Wizard,Hot Head,Selective Hitter",Anime distractions/3x ejection rate,Knows too much about anime,0,134,539,459,57,126,26,0.0,11,53,77,70,17,7,0.257,0.381,0.403,0.784,5.4,0,0,0.0,0.0,0,0,0.0,0,0,0,0,0,0,0,0,0,0,1240,74,2.0,0.998,22.0,All-Star,,Sub-rep OVR but elite framing earned a stunning 5.4 WAR rookie year.,75-87,Rebuilding year — finished 4th in AL East,,,,,,,,,,,,,,,,,,,,,
P004,2,2027,Gui,Acid Chair,Red Sox,C,3B/1B,R,R,22,5'10,195,89,88,73,79,48,60,89,86,89,88,63,37,79,72,53,33,46,87,83,81,86,78,40.0,25.0,35.0,45.0,20.0,35.0,,High Inside FB,Balanced Square,"Pitch Whisperer,Defensive Wizard,Hot Head,Selective Hitter",Anime distractions/3x ejection rate,Knows too much about anime,0,136,520,465,53,135,24,1.0,14,43,50,53,11,5,0.29,0.364,0.437,0.801,5.4,0,0,0.0,0.0,0,0,0.0,0,0,0,0,0,0,0,0,0,0,1313,99,2.0,0.999,17.0,,,Massive ratings jump; .290/.364 plus Defensive Wizard play.,84-78,First winning season since 2023; missed Wild Card,,,,,,,,,,,,,,,,,,,,,
P004,3,2028,Gui,Acid Chair,Red Sox,C,3B/1B,R,R,22,5'10,195,89,88,76,81,46,64,88,82,88,88,62,35,79,72,53,33,46,87,83,81,86,78,40.0,25.0,35.0,45.0,20.0,35.0,,High Inside FB,Balanced Square,"Pitch Whisperer,Defensive Wizard,Hot Head,Selective Hitter",Anime distractions/3x ejection rate,Knows too much about anime,0,137,511,456,71,128,26,0.0,22,54,53,53,8,3,0.281,0.358,0.482,0.84,5.9,0,0,0.0,0.0,0,0,0.0,0,0,0,0,0,0,0,0,0,0,1393,85,2.0,0.999,17.0,,,Established as a top two-way catcher (5.9 WAR).,92-70,AL East Division Title; lost in ALDS,,,,,,,,,,,,,,,,,,,,,
P004,4,2029,Gui,Acid Chair,Red Sox,C,3B/1B,R,R,22,5'10,195,89,88,76,81,46,64,88,82,88,88,62,35,79,72,53,33,46,87,83,81,86,78,40.0,25.0,35.0,45.0,20.0,35.0,,High Inside FB,Balanced Square,"Pitch Whisperer,Defensive Wizard,Hot Head,Selective Hitter",Anime distractions/3x ejection rate,Knows too much about anime,0,136,511,451,57,122,26,2.0,14,56,14,78,14,5,0.271,0.361,0.43,0.84,5.3,0,0,0.0,0.0,0,0,0.0,0,0,0,0,0,0,0,0,0,0,1352,90,2.0,0.999,13.0,World Series,,First ring; another 5+ WAR season behind the dish.,98-64,AL Pennant; WORLD SERIES CHAMPIONS (1st),,,,,,,,,,,,,,,,,,,,,
P004,5,2030,Gui,Acid Chair,Red Sox,C,3B/1B,R,R,26,5'10,195,89,88,76,81,46,64,88,82,88,88,62,35,79,72,53,33,46,87,83,81,86,78,40.0,25.0,35.0,45.0,20.0,35.0,,High Inside FB,Balanced Square,"Pitch Whisperer,Defensive Wizard,Hot Head,Selective Hitter",Anime distractions/3x ejection rate,Knows too much about anime,0,143,545,485,68,137,28,1.0,20,62,60,60,9,4,0.282,0.361,0.466,0.827,5.7,0,0,0.0,0.0,0,130,0.0,0,0,0,0,0,0,0,0,0,0,1368,96,2.0,0.999,20.0,All-Star;Gold Glove C;Silver Slugger C,,First ring; 5.8 WAR catcher year — best framer in the league.,95-67,AL East Title; lost in ALCS,,,,,,,,,,,,,,,,,,,,,
P004,6,2031,Gui,Acid Chair,Red Sox,C,3B/1B,R,R,27,5'10,195,89,88,76,81,46,64,88,82,88,88,62,35,79,72,53,33,46,87,83,81,86,78,40.0,25.0,35.0,45.0,20.0,35.0,,High Inside FB,Balanced Square,"Pitch Whisperer,Defensive Wizard,Hot Head,Selective Hitter",Anime distractions/3x ejection rate,Knows too much about anime,0,138,530,468,69,136,27,1.9,20,67,61,54,8,3,0.291,0.372,0.491,0.863,6.0,0,0,0.0,0.0,0,130,0.0,0,0,0,0,0,0,0,0,0,0,1335,96,2.0,0.999,20.0,All-Star;Gold Glove C;Platinum Glove,,Won MVP at catcher — historic 8.0 WAR season.,96-66,AL East Title; lost in ALDS,,,,,,,,,,,,,,,,,,,,,
P004,7,2032,Gui,Acid Chair,Red Sox,C,3B/1B,R,R,28,5'10,195,89,88,76,81,46,64,88,82,88,88,62,35,79,72,53,33,46,87,83,81,86,78,40.0,25.0,35.0,45.0,20.0,35.0,,High Inside FB,Balanced Square,"Pitch Whisperer,Defensive Wizard,Hot Head,Selective Hitter",Anime distractions/3x ejection rate,Knows too much about anime,0,134,520,458,74,137,28,1.9,23,74,62,49,7,2,0.299,0.383,0.518,0.9,6.8,0,0,0.0,0.0,0,130,0.0,0,0,0,0,0,0,0,0,0,0,1300,98,1.0,1.0,22.0,World Series;World Series MVP;All-Star;Gold Glove C;Silver Slugger C;Platinum Glove,,Second ring; another 6+ WAR season behind the plate.,102-60,AL Pennant; WORLD SERIES CHAMPIONS (2nd); 100-win season,,,,,,,,,,,,,,,,,,,,,
P004,8,2033,Gui,Acid Chair,Red Sox,C,3B/1B,R,R,29,5'10,195,89,88,76,81,46,64,88,82,88,88,62,35,79,72,53,33,46,87,83,81,86,78,40.0,25.0,35.0,45.0,20.0,35.0,,High Inside FB,Balanced Square,"Pitch Whisperer,Defensive Wizard,Hot Head,Selective Hitter",Anime distractions/3x ejection rate,Knows too much about anime,0,133,532,466,76,140,29,0.9,22,71,66,48,6,2,0.302,0.389,0.51,0.899,6.7,0,0,0.0,0.0,0,130,0.0,0,0,0,0,0,0,0,0,0,0,1321,103,1.0,1.0,22.0,All-Star;Gold Glove C;Silver Slugger C;Platinum Glove,,"Triple defensive crown — Gold Glove, Platinum Glove, Fielding Bible.",104-58,Set franchise record for runs scored (912),,,,,,,,,,,,,,,,,,,,,
P004,9,2034,Gui,Acid Chair,Red Sox,C,3B/1B,R,R,30,5'10,195,89,88,76,81,46,64,88,82,88,88,62,35,79,72,53,33,46,87,83,81,86,78,40.0,25.0,35.0,45.0,20.0,35.0,,High Inside FB,Balanced Square,"Pitch Whisperer,Defensive Wizard,Hot Head,Selective Hitter",Anime distractions/3x ejection rate,Knows too much about anime,0,139,554,486,78,146,30,1.0,23,74,69,53,6,2,0.301,0.387,0.504,0.891,6.6,0,0,0.0,0.0,0,130,0.0,0,0,0,0,0,0,0,0,0,0,1392,107,1.0,1.0,23.0,All-Star;Gold Glove C;Silver Slugger C;Platinum Glove,,Third ring; first 20-HR year as a catcher.,108-54,Franchise record 108 wins; lost in ALCS,,,,,,,,,,,,,,,,,,,,,
P004,10,2035,Gui,Acid Chair,Red Sox,C,3B/1B,R,R,31,5'10,195,89,88,76,81,46,64,88,82,88,88,62,35,79,72,53,33,46,87,83,81,86,78,40.0,25.0,35.0,45.0,20.0,35.0,,High Inside FB,Balanced Square,"Pitch Whisperer,Defensive Wizard,Hot Head,Selective Hitter",Anime distractions/3x ejection rate,Knows too much about anime,0,141,568,495,83,154,33,2.1,25,78,72,52,5,2,0.31,0.398,0.536,0.933,7.0,0,0,0.0,0.0,0,131,0.0,0,0,0,0,0,0,0,0,0,0,1447,114,1.0,1.0,25.0,World Series;World Series MVP;All-Star;Gold Glove C;Silver Slugger C;Platinum Glove,,Caught 142 games — unheard of workload for a catcher.,111-51,AL Pennant; WORLD SERIES CHAMPIONS (3rd); franchise record 111 wins,,,,,,,,,,,,,,,,,,,,,
P004,11,2036,Gui,Acid Chair,Red Sox,C,3B/1B,R,R,32,5'10,195,89,88,76,81,46,64,88,82,88,88,62,35,79,72,53,33,46,87,83,81,86,78,40.0,25.0,35.0,45.0,20.0,35.0,,High Inside FB,Balanced Square,"Pitch Whisperer,Defensive Wizard,Hot Head,Selective Hitter",Anime distractions/3x ejection rate,Knows too much about anime,0,134,532,468,72,138,28,1.0,21,70,64,54,5,2,0.295,0.38,0.494,0.873,6.4,0,0,0.0,0.0,0,130,0.0,0,0,0,0,0,0,0,0,0,0,1370,102,2.0,0.999,22.0,All-Star;Gold Glove C;Silver Slugger C,,Won his second MVP — best pitch-framing year of all time.,99-63,"Set franchise pitching strikeout record (1,654); lost in ALCS",,,,,,,,,,,,,,,,,,,,,
P004,12,2037,Gui,Acid Chair,Red Sox,C,3B/1B,R,R,33,5'10,195,89,88,76,81,46,64,88,82,88,88,62,35,79,72,53,33,46,87,83,81,86,78,40.0,25.0,35.0,45.0,20.0,35.0,,High Inside FB,Balanced Square,"Pitch Whisperer,Defensive Wizard,Hot Head,Selective Hitter",Anime distractions/3x ejection rate,Knows too much about anime,0,139,545,480,71,135,26,1.1,20,70,66,61,4,2,0.281,0.367,0.462,0.828,6.0,0,0,0.0,0.0,0,130,0.0,0,0,0,0,0,0,0,0,0,0,1456,104,2.0,0.999,23.0,All-Star;Gold Glove C;Platinum Glove,MLB Career Record: Most Putouts by a Catcher,Fourth ring; first 30-HR season as a catcher.,95-67,AL East Title; lost in ALDS,,,,,,,,,,,,,,,,,,,,,
P004,13,2038,Gui,Acid Chair,Red Sox,C,3B/1B,R,R,34,5'10,195,89,88,76,81,46,64,88,82,88,88,62,35,79,72,53,33,46,87,83,81,86,78,40.0,25.0,35.0,45.0,20.0,35.0,,High Inside FB,Balanced Square,"Pitch Whisperer,Defensive Wizard,Hot Head,Selective Hitter",Anime distractions/3x ejection rate,Knows too much about anime,0,135,520,459,66,124,24,1.1,16,63,61,66,4,1,0.27,0.355,0.429,0.784,5.2,0,0,0.0,0.0,0,130,0.0,0,0,0,0,0,0,0,0,0,0,1440,99,4.0,0.998,21.0,World Series;All-Star;Gold Glove C,,8th straight All-Star — most by a catcher.,101-61,AL Pennant; WORLD SERIES CHAMPIONS (4th); end of dynasty core era,,,,,,,,,,,,,,,,,,,,,
P004,14,2039,Gui,Acid Chair,Red Sox,C,3B/1B,R,R,35,5'10,195,89,88,76,81,46,64,88,82,88,88,62,35,79,72,53,33,46,87,83,81,86,78,40.0,25.0,35.0,45.0,20.0,35.0,,High Inside FB,Balanced Square,"Pitch Whisperer,Defensive Wizard,Hot Head,Selective Hitter",Anime distractions/3x ejection rate,Knows too much about anime,0,144,542,480,64,123,24,0.0,14,61,61,75,3,1,0.256,0.34,0.397,0.737,4.2,0,0,0.0,0.0,0,113,0.0,0,0,0,0,0,0,0,0,0,0,1573,104,5.0,0.997,22.0,Gold Glove C,,Set the career putouts record by a catcher.,88-74,Missed playoffs for first time since 2027,,,,,,,,,,,,,,,,,,,,,
P004,15,2040,Gui,Acid Chair,Red Sox,C,3B/1B,R,R,36,5'10,195,89,88,76,81,46,64,88,82,88,88,62,35,79,72,53,33,46,87,83,81,86,78,40.0,25.0,35.0,45.0,20.0,35.0,,High Inside FB,Balanced Square,"Pitch Whisperer,Defensive Wizard,Hot Head,Selective Hitter",Anime distractions/3x ejection rate,Knows too much about anime,0,140,510,454,56,112,21,0.0,12,53,56,80,1,1,0.247,0.329,0.37,0.7,3.1,0,0,0.0,0.0,0,114,0.0,0,0,0,0,0,0,0,0,0,0,1547,101,7.0,0.996,21.0,All-Star,,Quiet bat year (.252) but defense still elite.,84-78,Missed playoffs; began transition phase,,,,,,,,,,,,,,,,,,,,,
P004,16,2041,Gui,Acid Chair,Red Sox,C,3B/1B,R,R,37,5'10,195,89,88,76,81,46,64,88,82,88,88,62,35,79,72,53,33,46,87,83,81,86,78,40.0,25.0,35.0,45.0,20.0,35.0,,High Inside FB,Balanced Square,"Pitch Whisperer,Defensive Wizard,Hot Head,Selective Hitter",Anime distractions/3x ejection rate,Knows too much about anime,0,146,516,464,48,105,19,0.0,11,48,52,89,0,0,0.226,0.304,0.339,0.643,1.7,0,0,0.0,0.0,0,91,0.0,0,0,0,0,0,0,0,0,0,0,1647,105,9.0,0.994,21.0,,,10th All-Star nod; still framing pitches better than anyone.,79-83,First losing season since 2026,,,,,,,,,,,,,,,,,,,,,
P004,17,2042,Gui,Acid Chair,Red Sox,C,3B/1B,R,R,38,5'10,195,89,88,76,81,46,64,88,82,88,88,62,35,79,72,53,33,46,87,83,81,86,78,40.0,25.0,35.0,45.0,20.0,35.0,,High Inside FB,Balanced Square,"Pitch Whisperer,Defensive Wizard,Hot Head,Selective Hitter",Anime distractions/3x ejection rate,Knows too much about anime,0,143,483,439,39,94,15,0.0,7,39,44,94,0,0,0.213,0.286,0.298,0.583,0.5,0,0,0.0,0.0,0,64,0.0,0,0,0,0,0,0,0,0,0,0,1627,99,15.0,0.991,20.0,,,Career year defensively at age 37.,76-86,Rebuild — final season for several core veterans,,,,,,,,,,,,,,,,,,,,,
P004,18,2043,Gui,Acid Chair,Red Sox,C,3B/1B,R,R,39,5'10,195,89,88,76,81,46,64,88,82,88,88,62,35,79,72,53,33,46,87,83,81,86,78,40.0,25.0,35.0,45.0,20.0,35.0,,High Inside FB,Balanced Square,"Pitch Whisperer,Defensive Wizard,Hot Head,Selective Hitter",Anime distractions/3x ejection rate,Knows too much about anime,0,137,411,370,27,75,14,0.0,7,31,41,96,0,0,0.204,0.283,0.296,0.58,-0.7,0,0,0.0,0.0,0,64,0.0,0,0,0,0,0,0,0,0,0,0,1542,96,20.0,0.988,17.0,Retired;Final Season;First Ballot Hall of Fame,,Farewell as backup catcher — first-ballot Hall of Famer.,72-90,Farewell year for the championship core — all 11 originals retired together,,,,,,,,,,,,,,,,,,,,,Franchise Catcher Games Started Record; 10 Gold Gloves
P005,1,2026,Carlos,Kevin G,Red Sox,3B,1B/DH,R,R,21,6'3,230,67,81,38,50,75,96,42,38,40,30,15,10,78,60,18,10,15,45,40,78,55,45,65.0,25.0,10.0,20.0,25.0,55.0,78.0,Middle-Middle,Any Corner,Wide Closed No Stride,"Mistake Hitter,Bomber,Stubborn,Hot Head,First Pitch Hitter",Brainrot Focus / 30% first pitch swing,Only good at brainrot Roblox,137,547,507,47,95,14,3.0,22,60,35,139,7,2,0.187,0.247,0.357,0.604,-1.6,0,0,0.0,0.0,0,0,0.0,0,0,0,0,0,0,0,0,0,0,63,173,8.0,0.967,15.0,,,"All-or-nothing rookie year: 22 HR, .187 AVG, 139 K's.",75-87,Rebuilding year — finished 4th in AL East,,,,,,,,,,,,,,,,,,,,,
P005,2,2027,Carlos,Kevin G,Red Sox,3B,1B/DH,R,R,21,6'3,230,79,81,37,48,99,96,43,38,43,30,21,15,83,65,20,14,17,52,46,84,61,45,65.0,25.0,10.0,20.0,25.0,55.0,78.0,Middle-Middle,Any Corner,Wide Closed No Stride,"Mistake Hitter,Bomber,Stubborn,Hot Head,First Pitch Hitter",Brainrot Focus / 30% first pitch swing,Only good at brainrot Roblox,124,532,503,56,92,14,3.0,26,69,23,124,4,1,0.183,0.227,0.378,0.605,-1.3,0,0,0.0,0.0,0,0,0.0,0,0,0,0,0,0,0,0,0,0,104,171,8.0,0.972,13.0,,,Strikeouts kept piling up; -1.3 WAR despite 26 HR.,84-78,First winning season since 2023; missed Wild Card,,,,,,,,,,,,,,,,,,,,,
P005,3,2028,Carlos,Kevin G,Red Sox,3B,1B/DH,R,R,21,6'3,230,82,81,47,51,99,99,44,41,43,30,24,17,86,69,21,13,15,55,49,86,64,45,65.0,25.0,10.0,20.0,25.0,55.0,78.0,Middle-Middle,Any Corner,Wide Closed No Stride,"Mistake Hitter,Bomber,Stubborn,Hot Head,First Pitch Hitter",Brainrot Focus / 30% first pitch swing,Only good at brainrot Roblox,125,535,503,67,111,19,0.0,40,76,27,132,2,1,0.221,0.267,0.497,0.764,2.2,0,0,0.0,0.0,0,0,0.0,0,0,0,0,0,0,0,0,0,0,59,144,4.0,0.981,17.0,,,First positive WAR year — 40 HR power breakout.,92-70,AL East Division Title; lost in ALDS,,,,,,,,,,,,,,,,,,,,,
P005,4,2029,Carlos,Kevin G,Red Sox,3B,1B/DH,R,R,21,6'3,230,82,81,47,51,99,99,44,41,43,30,24,17,86,69,21,13,15,55,49,86,64,45,65.0,25.0,10.0,20.0,25.0,55.0,78.0,Middle-Middle,Any Corner,Wide Closed No Stride,"Mistake Hitter,Bomber,Stubborn,Hot Head,First Pitch Hitter",Brainrot Focus / 30% first pitch swing,Only good at brainrot Roblox,148,586,586,61,130,22,2.0,30,77,44,156,3,1,0.222,0.282,0.42,0.702,0.2,0,0,0.0,0.0,0,0,0.0,0,0,0,0,0,0,0,0,0,0,9,1,40.0,1.0,28.0,World Series,,First ring; 30 HR but slash-line still below average.,98-64,AL Pennant; WORLD SERIES CHAMPIONS (1st),,,,,,,,,,,,,,,,,,,,,
P005,5,2030,Carlos,Kevin G,Red Sox,3B,1B/DH,R,R,25,6'3,230,82,81,47,51,99,99,44,41,43,30,24,17,86,69,21,13,15,55,49,86,64,45,65.0,25.0,10.0,20.0,25.0,55.0,78.0,Middle-Middle,Any Corner,Wide Closed No Stride,"Mistake Hitter,Bomber,Stubborn,Hot Head,First Pitch Hitter",Brainrot Focus / 30% first pitch swing,Only good at brainrot Roblox,151,599,566,71,129,19,1.1,36,89,32,152,2,1,0.227,0.268,0.459,0.728,0.6,0,0,0.0,0.0,0,137,0.0,0,0,0,0,0,0,0,0,0,0,1240,95,11.0,0.992,100.0,,,"First ring; everyday 3B, 35 HR power year.",95-67,AL East Title; lost in ALCS,,,,,,,,,,,,,,,,,,,,,
P005,6,2031,Carlos,Kevin G,Red Sox,3B,1B/DH,R,R,26,6'3,230,82,81,47,51,99,99,44,41,43,30,24,17,86,69,21,13,15,55,49,86,64,45,65.0,25.0,10.0,20.0,25.0,55.0,78.0,Middle-Middle,Any Corner,Wide Closed No Stride,"Mistake Hitter,Bomber,Stubborn,Hot Head,First Pitch Hitter",Brainrot Focus / 30% first pitch swing,Only good at brainrot Roblox,151,601,567,77,133,21,0.0,39,98,34,150,3,2,0.234,0.277,0.478,0.755,1.4,0,0,0.0,0.0,0,138,0.0,0,0,0,0,0,0,0,0,0,0,1220,99,8.0,0.994,102.0,Silver Slugger 3B,,All-or-nothing at the plate but 38 HR with elite hot-corner glove.,96-66,AL East Title; lost in ALDS,,,,,,,,,,,,,,,,,,,,,
P005,7,2032,Carlos,Kevin G,Red Sox,3B,1B/DH,R,R,27,6'3,230,82,81,47,51,99,99,44,41,43,30,24,17,86,69,21,13,15,55,49,86,64,45,65.0,25.0,10.0,20.0,25.0,55.0,78.0,Middle-Middle,Any Corner,Wide Closed No Stride,"Mistake Hitter,Bomber,Stubborn,Hot Head,First Pitch Hitter",Brainrot Focus / 30% first pitch swing,Only good at brainrot Roblox,146,584,549,83,137,21,1.0,42,106,35,138,2,1,0.25,0.296,0.52,0.815,1.9,0,0,0.0,0.0,0,138,0.0,0,0,0,0,0,0,0,0,0,0,1188,96,7.0,0.995,100.0,World Series;Silver Slugger 3B,,"Second ring; career year — 42 HR, .258 AVG.",102-60,AL Pennant; WORLD SERIES CHAMPIONS (2nd); 100-win season,,,,,,,,,,,,,,,,,,,,,
P005,8,2033,Carlos,Kevin G,Red Sox,3B,1B/DH,R,R,28,6'3,230,82,81,47,51,99,99,44,41,43,30,24,17,86,69,21,13,15,55,49,86,64,45,65.0,25.0,10.0,20.0,25.0,55.0,78.0,Middle-Middle,Any Corner,Wide Closed No Stride,"Mistake Hitter,Bomber,Stubborn,Hot Head,First Pitch Hitter",Brainrot Focus / 30% first pitch swing,Only good at brainrot Roblox,148,588,553,81,130,22,0.0,39,99,36,140,1,0,0.236,0.282,0.489,0.771,1.8,0,0,0.0,0.0,0,138,0.0,0,0,0,0,0,0,0,0,0,0,1196,95,6.0,0.995,104.0,Silver Slugger 3B,,"Held down 3B every day — 36 HR, 100 RBI.",104-58,Set franchise record for runs scored (912),,,,,,,,,,,,,,,,,,,,,
P005,9,2034,Carlos,Kevin G,Red Sox,3B,1B/DH,R,R,29,6'3,230,82,81,47,51,99,99,44,41,43,30,24,17,86,69,21,13,15,55,49,86,64,45,65.0,25.0,10.0,20.0,25.0,55.0,78.0,Middle-Middle,Any Corner,Wide Closed No Stride,"Mistake Hitter,Bomber,Stubborn,Hot Head,First Pitch Hitter",Brainrot Focus / 30% first pitch swing,Only good at brainrot Roblox,142,562,529,75,119,19,0.9,34,90,32,140,0,0,0.225,0.27,0.46,0.73,1.2,0,0,0.0,0.0,0,138,0.0,0,0,0,0,0,0,0,0,0,0,1149,88,8.0,0.993,96.0,,,Third ring; first Silver Slugger 3B.,108-54,Franchise record 108 wins; lost in ALCS,,,,,,,,,,,,,,,,,,,,,
P005,10,2035,Carlos,Kevin G,Red Sox,3B,1B/DH,R,R,30,6'3,230,82,81,47,51,99,99,44,41,43,30,24,17,86,69,21,13,15,55,49,86,64,45,65.0,25.0,10.0,20.0,25.0,55.0,78.0,Middle-Middle,Any Corner,Wide Closed No Stride,"Mistake Hitter,Bomber,Stubborn,Hot Head,First Pitch Hitter",Brainrot Focus / 30% first pitch swing,Only good at brainrot Roblox,145,574,543,72,116,18,0.0,33,86,31,151,0,0,0.214,0.256,0.429,0.685,0.6,0,0,0.0,0.0,0,137,0.0,0,0,0,0,0,0,0,0,0,0,1195,90,10.0,0.992,98.0,World Series,,Cracked 40 HR again — best power 3B in the league.,111-51,AL Pennant; WORLD SERIES CHAMPIONS (3rd); franchise record 111 wins,,,,,,,,,,,,,,,,,,,,,
P005,11,2036,Carlos,Kevin G,Red Sox,3B,1B/DH,R,R,31,6'3,230,82,81,47,51,99,99,44,41,43,30,24,17,86,69,21,13,15,55,49,86,64,45,65.0,25.0,10.0,20.0,25.0,55.0,78.0,Middle-Middle,Any Corner,Wide Closed No Stride,"Mistake Hitter,Bomber,Stubborn,Hot Head,First Pitch Hitter",Brainrot Focus / 30% first pitch swing,Only good at brainrot Roblox,147,577,547,66,109,16,0.0,30,78,30,159,0,0,0.199,0.242,0.394,0.636,0.0,0,0,0.0,0.0,0,138,0.0,0,0,0,0,0,0,0,0,0,0,1208,87,11.0,0.99,98.0,,,Second Silver Slugger; defensive metrics finally caught up to the bat.,99-63,"Set franchise pitching strikeout record (1,654); lost in ALCS",,,,,,,,,,,,,,,,,,,,,
P005,12,2037,Carlos,Kevin G,Red Sox,3B,1B/DH,R,R,32,6'3,230,82,81,47,51,99,99,44,41,43,30,24,17,86,69,21,13,15,55,49,86,64,45,65.0,25.0,10.0,20.0,25.0,55.0,78.0,Middle-Middle,Any Corner,Wide Closed No Stride,"Mistake Hitter,Bomber,Stubborn,Hot Head,First Pitch Hitter",Brainrot Focus / 30% first pitch swing,Only good at brainrot Roblox,145,559,533,59,102,14,0.0,26,72,26,164,0,0,0.192,0.23,0.366,0.596,-0.7,0,0,0.0,0.0,0,138,0.0,0,0,0,0,0,0,0,0,0,0,1189,83,14.0,0.99,95.0,,,"Fourth ring; 38 HR, key playoff bat.",95-67,AL East Title; lost in ALDS,,,,,,,,,,,,,,,,,,,,,
P005,13,2038,Carlos,Kevin G,Red Sox,3B,1B/DH,R,R,33,6'3,230,82,81,47,51,99,99,44,41,43,30,24,17,86,69,21,13,15,55,49,86,64,45,65.0,25.0,10.0,20.0,25.0,55.0,78.0,Middle-Middle,Any Corner,Wide Closed No Stride,"Mistake Hitter,Bomber,Stubborn,Hot Head,First Pitch Hitter",Brainrot Focus / 30% first pitch swing,Only good at brainrot Roblox,154,579,553,54,100,14,0.0,25,66,26,174,0,0,0.18,0.217,0.338,0.554,-1.3,0,0,0.0,0.0,0,138,0.0,0,0,0,0,0,0,0,0,0,0,1240,85,17.0,0.987,100.0,World Series,,Slid into a 3B/DH split as legs slowed.,101-61,AL Pennant; WORLD SERIES CHAMPIONS (4th); end of dynasty core era,,,,,,,,,,,,,,,,,,,,,
P005,14,2039,Carlos,Kevin G,Red Sox,3B,1B/DH,R,R,34,6'3,230,82,81,47,51,99,99,44,41,43,30,24,17,86,69,21,13,15,55,49,86,64,45,65.0,25.0,10.0,20.0,25.0,55.0,78.0,Middle-Middle,Any Corner,Wide Closed No Stride,"Mistake Hitter,Bomber,Stubborn,Hot Head,First Pitch Hitter",Brainrot Focus / 30% first pitch swing,Only good at brainrot Roblox,152,552,532,45,90,12,0.0,20,56,20,176,0,0,0.169,0.2,0.308,0.508,-2.3,0,0,0.0,0.0,0,119,0.0,0,0,0,0,0,0,0,0,0,0,1209,83,20.0,0.984,96.0,,,Mostly DH now — still 32 HR.,88-74,Missed playoffs for first time since 2027,,,,,,,,,,,,,,,,,,,,,
P005,15,2040,Carlos,Kevin G,Red Sox,3B,1B/DH,R,R,35,6'3,230,82,81,47,51,99,99,44,41,43,30,24,17,86,69,21,13,15,55,49,86,64,45,65.0,25.0,10.0,20.0,25.0,55.0,78.0,Middle-Middle,Any Corner,Wide Closed No Stride,"Mistake Hitter,Bomber,Stubborn,Hot Head,First Pitch Hitter",Brainrot Focus / 30% first pitch swing,Only good at brainrot Roblox,148,516,496,38,76,10,0.0,17,43,19,182,0,0,0.154,0.185,0.274,0.459,-2.8,0,0,0.0,0.0,0,119,0.0,0,0,0,0,0,0,0,0,0,0,1141,76,24.0,0.98,91.0,,,"Pure DH year — 30 HR, RBI man.",84-78,Missed playoffs; began transition phase,,,,,,,,,,,,,,,,,,,,,
P005,16,2041,Carlos,Kevin G,Red Sox,3B,1B/DH,R,R,36,6'3,230,82,81,47,51,99,99,44,41,43,30,24,17,86,69,21,13,15,55,49,86,64,45,65.0,25.0,10.0,20.0,25.0,55.0,78.0,Middle-Middle,Any Corner,Wide Closed No Stride,"Mistake Hitter,Bomber,Stubborn,Hot Head,First Pitch Hitter",Brainrot Focus / 30% first pitch swing,Only good at brainrot Roblox,147,434,418,29,66,10,0.0,13,36,17,157,0,0,0.156,0.188,0.273,0.461,-2.5,0,0,0.0,0.0,0,67,0.0,0,0,0,0,0,0,0,0,0,0,980,66,26.0,0.976,72.0,,,Veteran clubhouse leader; 25 HR DH season.,79-83,First losing season since 2026,,,,,,,,,,,,,,,,,,,,,
P005,17,2042,Carlos,Kevin G,Red Sox,3B,1B/DH,R,R,37,6'3,230,82,81,47,51,99,99,44,41,43,30,24,17,86,69,21,13,15,55,49,86,64,45,65.0,25.0,10.0,20.0,25.0,55.0,78.0,Middle-Middle,Any Corner,Wide Closed No Stride,"Mistake Hitter,Bomber,Stubborn,Hot Head,First Pitch Hitter",Brainrot Focus / 30% first pitch swing,Only good at brainrot Roblox,150,375,360,20,55,10,0.0,10,30,15,140,0,0,0.153,0.187,0.264,0.451,-2.4,0,0,0.0,0.0,0,65,0.0,0,0,0,0,0,0,0,0,0,0,840,55,25.0,0.973,60.0,,,Career-low HR (22) but team's clutch RBI guy.,76-86,Rebuild — final season for several core veterans,,,,,,,,,,,,,,,,,,,,,
P005,18,2043,Carlos,Kevin G,Red Sox,3B,1B/DH,R,R,38,6'3,230,82,81,47,51,99,99,44,41,43,30,24,17,86,69,21,13,15,55,49,86,64,45,65.0,25.0,10.0,20.0,25.0,55.0,78.0,Middle-Middle,Any Corner,Wide Closed No Stride,"Mistake Hitter,Bomber,Stubborn,Hot Head,First Pitch Hitter",Brainrot Focus / 30% first pitch swing,Only good at brainrot Roblox,141,258,251,16,39,8,0.0,8,24,8,94,0,0,0.156,0.182,0.281,0.463,-2.4,0,0,0.0,0.0,0,67,0.0,0,0,0,0,0,0,0,0,0,0,588,39,24.0,0.964,39.0,Retired;Final Season,,Farewell year as DH — retired with 433 career HR.,72-90,Farewell year for the championship core — all 11 originals retired together,,,,,,,,,,,,,,,,,,,,,
P006,1,2026,Marcus,Marquis,Red Sox,CF,,R,R,22,5'11,175,64,90,65,70,58,65,75,70,78,75,55,60,75,91,70,65,55,75,72,76,74,93,40.0,40.0,20.0,40.0,40.0,20.0,50.0,Middle-Middle,Familiar Pitchers,Textbook Square,"Cool Customer,Quick Learner,Late Bloomer,Clutch Hitter",Refuses scouting reports,Calm lazy genius,136,589,517,66,139,36,3.0,15,56,62,87,15,5,0.269,0.352,0.437,0.789,4.5,0,0,0.0,0.0,0,0,0.0,0,0,0,0,0,0,0,0,0,0,276,19,4.0,0.987,11.0,,,5-tool rookie year: .269/.352 with strong CF defense.,75-87,Rebuilding year — finished 4th in AL East,,,,,,,,,,,,,,,,,,,,,
P006,2,2027,Marcus,Marquis,Red Sox,CF,,R,R,22,5'11,175,89,90,63,74,60,73,81,80,81,75,61,66,82,97,70,61,51,81,74,81,80,93,40.0,40.0,20.0,40.0,40.0,20.0,50.0,Middle-Middle,Familiar Pitchers,Textbook Square,"Cool Customer,Quick Learner,Late Bloomer,Clutch Hitter",Refuses scouting reports,Calm lazy genius,141,592,528,69,125,25,0.0,21,67,58,73,13,3,0.237,0.314,0.403,0.717,3.5,0,0,0.0,0.0,0,0,0.0,0,0,0,0,0,0,0,0,0,0,254,8,2.0,0.992,17.0,,,Mild regression at the plate; 3.5 WAR steady production.,84-78,First winning season since 2023; missed Wild Card,,,,,,,,,,,,,,,,,,,,,
P006,3,2028,Marcus,Marquis,Red Sox,CF,,R,R,22,5'11,175,89,90,63,74,60,73,81,80,81,75,61,66,82,97,70,61,51,82,84,79,78,93,40.0,40.0,20.0,40.0,40.0,20.0,50.0,Middle-Middle,Familiar Pitchers,Textbook Square,"Cool Customer,Quick Learner,Late Bloomer,Clutch Hitter",Refuses scouting reports,Calm lazy genius,138,620,564,70,162,25,5.0,31,70,55,76,12,3,0.287,0.351,0.514,0.865,6.3,0,0,0.0,0.0,0,0,0.0,0,0,0,0,0,0,0,0,0,0,266,9,2.0,0.993,17.0,,,Star turn: .287/.351/.514 and 6.3 WAR.,92-70,AL East Division Title; lost in ALDS,,,,,,,,,,,,,,,,,,,,,
P006,4,2029,Marcus,Marquis,Red Sox,CF,,R,R,22,5'11,175,89,90,63,74,60,73,81,80,81,75,61,66,82,97,70,61,51,82,84,79,78,93,40.0,40.0,20.0,40.0,40.0,20.0,50.0,Middle-Middle,Familiar Pitchers,Textbook Square,"Cool Customer,Quick Learner,Late Bloomer,Clutch Hitter",Refuses scouting reports,Calm lazy genius,138,639,555,87,141,18,5.0,25,80,82,95,17,6,0.254,0.352,0.44,0.792,5.2,0,0,0.0,0.0,0,0,0.0,0,0,0,0,0,0,0,0,0,0,268,9,2.0,0.993,12.0,World Series;All-Star,,First ring; All-Star CF anchored the dynasty's outfield.,98-64,AL Pennant; WORLD SERIES CHAMPIONS (1st),,,,,,,,,,,,,,,,,,,,,
P006,5,2030,Marcus,Marquis,Red Sox,CF,,R,R,26,5'11,175,89,90,63,74,60,73,81,80,81,75,61,66,82,97,70,61,51,82,84,79,78,93,40.0,40.0,20.0,40.0,40.0,20.0,50.0,Middle-Middle,Familiar Pitchers,Textbook Square,"Cool Customer,Quick Learner,Late Bloomer,Clutch Hitter",Refuses scouting reports,Calm lazy genius,151,656,587,92,166,31,4.2,28,81,70,84,16,4,0.282,0.358,0.495,0.852,6.2,0,0,0.0,0.0,0,141,0.0,0,0,0,0,0,0,0,0,0,0,302,11,3.0,0.99,2.0,All-Star;Gold Glove CF,,First ring; 8.4 WAR season — All-Star CF anchored the dynasty.,95-67,AL East Title; lost in ALCS,,,,,,,,,,,,,,,,,,,,,
P006,6,2031,Marcus,Marquis,Red Sox,CF,,R,R,27,5'11,175,89,90,63,74,60,73,81,80,81,75,61,66,82,97,70,61,51,82,84,79,78,93,40.0,40.0,20.0,40.0,40.0,20.0,50.0,Middle-Middle,Familiar Pitchers,Textbook Square,"Cool Customer,Quick Learner,Late Bloomer,Clutch Hitter",Refuses scouting reports,Calm lazy genius,145,636,567,91,163,32,3.0,29,85,70,77,18,5,0.287,0.365,0.506,0.871,6.5,0,0,0.0,0.0,0,141,0.0,0,0,0,0,0,0,0,0,0,0,293,11,2.0,0.993,3.0,All-Star;Gold Glove CF;Silver Slugger CF,,"MVP campaign — 35 HR, 30 SB, Gold Glove CF.",96-66,AL East Title; lost in ALDS,,,,,,,,,,,,,,,,,,,,,
P006,7,2032,Marcus,Marquis,Red Sox,CF,,R,R,28,5'11,175,89,90,63,74,60,73,81,80,81,75,61,66,82,97,70,61,51,82,84,79,78,93,40.0,40.0,20.0,40.0,40.0,20.0,50.0,Middle-Middle,Familiar Pitchers,Textbook Square,"Cool Customer,Quick Learner,Late Bloomer,Clutch Hitter",Refuses scouting reports,Calm lazy genius,154,678,604,102,179,35,4.2,33,96,75,77,21,5,0.297,0.374,0.534,0.909,6.9,0,0,0.0,0.0,0,142,0.0,0,0,0,0,0,0,0,0,0,0,314,12,2.0,0.994,3.0,World Series;MVP;All-Star;Gold Glove CF;Silver Slugger CF,,Second ring; second MVP — five-tool peak.,102-60,AL Pennant; WORLD SERIES CHAMPIONS (2nd); 100-win season,,,,,,,,,,,,,,,,,,,,,
P006,8,2033,Marcus,Marquis,Red Sox,CF,,R,R,29,5'11,175,89,90,63,74,60,73,81,80,81,75,61,66,82,97,70,61,51,82,84,79,78,93,40.0,40.0,20.0,40.0,40.0,20.0,50.0,Middle-Middle,Familiar Pitchers,Textbook Square,"Cool Customer,Quick Learner,Late Bloomer,Clutch Hitter",Refuses scouting reports,Calm lazy genius,156,690,612,106,185,37,4.2,35,100,78,75,23,5,0.303,0.382,0.551,0.933,7.2,0,0,0.0,0.0,0,142,0.0,0,0,0,0,0,0,0,0,0,0,320,13,2.0,0.994,3.0,All-Star;Gold Glove CF;Silver Slugger CF,,"Led the league in hits, 25/25 with elite CF defense.",104-58,Set franchise record for runs scored (912),,,,,,,,,,,,,,,,,,,,,
P006,9,2034,Marcus,Marquis,Red Sox,CF,,R,R,30,5'11,175,89,90,63,74,60,73,81,80,81,75,61,66,82,97,70,61,51,82,84,79,78,93,40.0,40.0,20.0,40.0,40.0,20.0,50.0,Middle-Middle,Familiar Pitchers,Textbook Square,"Cool Customer,Quick Learner,Late Bloomer,Clutch Hitter",Refuses scouting reports,Calm lazy genius,152,673,595,108,185,38,3.0,36,102,78,74,24,5,0.311,0.391,0.566,0.957,7.5,0,0,0.0,0.0,0,141,0.0,0,0,0,0,0,0,0,0,0,0,312,14,2.0,0.994,3.0,MVP;All-Star;Gold Glove CF;Silver Slugger CF,,Third MVP year — best CF in franchise history.,108-54,Franchise record 108 wins; lost in ALCS,,,,,,,,,,,,,,,,,,,,,
P006,10,2035,Marcus,Marquis,Red Sox,CF,,R,R,31,5'11,175,89,90,63,74,60,73,81,80,81,75,61,66,82,97,70,61,51,82,84,79,78,93,40.0,40.0,20.0,40.0,40.0,20.0,50.0,Middle-Middle,Familiar Pitchers,Textbook Square,"Cool Customer,Quick Learner,Late Bloomer,Clutch Hitter",Refuses scouting reports,Calm lazy genius,146,645,569,106,178,38,3.8,36,104,76,66,25,4,0.313,0.394,0.583,0.977,8.4,0,0,0.0,0.0,0,141,0.0,0,0,0,0,0,0,0,0,0,0,299,14,2.0,0.994,4.0,World Series;MVP;All-Star;Gold Glove CF;Silver Slugger CF,,"Third ring; Triple Crown threat all year — .322, 41 HR, 119 RBI.",111-51,AL Pennant; WORLD SERIES CHAMPIONS (3rd); franchise record 111 wins,,,,,,,,,,,,,,,,,,,,,
P006,11,2036,Marcus,Marquis,Red Sox,CF,,R,R,32,5'11,175,89,90,63,74,60,73,81,80,81,75,61,66,82,97,70,61,51,82,84,79,78,93,40.0,40.0,20.0,40.0,40.0,20.0,50.0,Middle-Middle,Familiar Pitchers,Textbook Square,"Cool Customer,Quick Learner,Late Bloomer,Clutch Hitter",Refuses scouting reports,Calm lazy genius,150,658,582,104,174,36,3.0,34,98,76,76,22,5,0.299,0.38,0.546,0.926,6.8,0,0,0.0,0.0,0,142,0.0,0,0,0,0,0,0,0,0,0,0,305,13,3.0,0.99,3.0,All-Star;Gold Glove CF;Silver Slugger CF,,Quiet bounce year by his absurd standards — still 7+ WAR.,99-63,"Set franchise pitching strikeout record (1,654); lost in ALCS",,,,,,,,,,,,,,,,,,,,,
P006,12,2037,Marcus,Marquis,Red Sox,CF,,R,R,33,5'11,175,89,90,63,74,60,73,81,80,81,75,61,66,82,97,70,61,51,82,84,79,78,93,40.0,40.0,20.0,40.0,40.0,20.0,50.0,Middle-Middle,Familiar Pitchers,Textbook Square,"Cool Customer,Quick Learner,Late Bloomer,Clutch Hitter",Refuses scouting reports,Calm lazy genius,154,664,591,100,169,34,3.1,31,94,73,81,21,5,0.285,0.364,0.512,0.876,6.1,0,0,0.0,0.0,0,142,0.0,0,0,0,0,0,0,0,0,0,0,308,11,4.0,0.987,3.0,All-Star;Gold Glove CF,,Career year for CF assists — pure 5-tool dominance.,95-67,AL East Title; lost in ALDS,,,,,,,,,,,,,,,,,,,,,
P006,13,2038,Marcus,Marquis,Red Sox,CF,,R,R,34,5'11,175,89,90,63,74,60,73,81,80,81,75,61,66,82,97,70,61,51,82,84,79,78,93,40.0,40.0,20.0,40.0,40.0,20.0,50.0,Middle-Middle,Familiar Pitchers,Textbook Square,"Cool Customer,Quick Learner,Late Bloomer,Clutch Hitter",Refuses scouting reports,Calm lazy genius,150,642,575,92,159,31,3.1,33,92,66,84,33,6,0.275,0.351,0.514,0.865,6.1,0,0,0.0,0.0,0,141,0.0,0,0,0,0,0,0,0,0,0,0,297,11,4.0,0.987,2.0,World Series;All-Star;Gold Glove CF,Oldest Player with a 30/30 Season (age 34),Fourth ring; 200 hits and a Gold Glove.,101-61,AL Pennant; WORLD SERIES CHAMPIONS (4th); end of dynasty core era,,,,,,,,,,,,,,,,,,,,,
P006,14,2039,Marcus,Marquis,Red Sox,CF,,R,R,35,5'11,175,89,90,63,74,60,73,81,80,81,75,61,66,82,97,70,61,51,82,84,79,78,93,40.0,40.0,20.0,40.0,40.0,20.0,50.0,Middle-Middle,Familiar Pitchers,Textbook Square,"Cool Customer,Quick Learner,Late Bloomer,Clutch Hitter",Refuses scouting reports,Calm lazy genius,159,668,602,89,157,30,2.3,31,89,66,93,29,8,0.26,0.333,0.47,0.803,5.0,0,0,0.0,0.0,0,123,0.0,0,0,0,0,0,0,0,0,0,0,309,10,6.0,0.983,2.0,All-Star;Gold Glove CF,,Hit his 400th career HR — Hall of Fame chatter ramps up.,88-74,Missed playoffs for first time since 2027,,,,,,,,,,,,,,,,,,,,,
P006,15,2040,Marcus,Marquis,Red Sox,CF,,R,R,36,5'11,175,89,90,63,74,60,73,81,80,81,75,61,66,82,97,70,61,51,82,84,79,78,93,40.0,40.0,20.0,40.0,40.0,20.0,50.0,Middle-Middle,Familiar Pitchers,Textbook Square,"Cool Customer,Quick Learner,Late Bloomer,Clutch Hitter",Refuses scouting reports,Calm lazy genius,156,645,584,79,145,25,2.3,25,79,61,93,21,7,0.247,0.318,0.43,0.748,3.9,0,0,0.0,0.0,0,123,0.0,0,0,0,0,0,0,0,0,0,0,298,9,7.0,0.978,2.0,,,9th All-Star; still elite range in CF.,84-78,Missed playoffs; began transition phase,,,,,,,,,,,,,,,,,,,,,
P006,16,2041,Marcus,Marquis,Red Sox,CF,,R,R,37,5'11,175,89,90,63,74,60,73,81,80,81,75,61,66,82,97,70,61,51,82,84,79,78,93,40.0,40.0,20.0,40.0,40.0,20.0,50.0,Middle-Middle,Familiar Pitchers,Textbook Square,"Cool Customer,Quick Learner,Late Bloomer,Clutch Hitter",Refuses scouting reports,Calm lazy genius,158,639,584,72,137,23,1.2,23,72,56,100,15,6,0.236,0.303,0.397,0.7,2.8,0,0,0.0,0.0,0,99,0.0,0,0,0,0,0,0,0,0,0,0,293,9,9.0,0.971,1.0,,,Bat picked up his glove — 33 HR with declining range.,79-83,First losing season since 2026,,,,,,,,,,,,,,,,,,,,,
P006,17,2042,Marcus,Marquis,Red Sox,CF,,R,R,38,5'11,175,89,90,63,74,60,73,81,80,81,75,61,66,82,97,70,61,51,82,84,79,78,93,40.0,40.0,20.0,40.0,40.0,20.0,50.0,Middle-Middle,Familiar Pitchers,Textbook Square,"Cool Customer,Quick Learner,Late Bloomer,Clutch Hitter",Refuses scouting reports,Calm lazy genius,148,581,531,61,120,19,1.3,19,61,49,99,11,6,0.227,0.292,0.376,0.669,1.9,0,0,0.0,0.0,0,100,0.0,0,0,0,0,0,0,0,0,0,0,267,9,10.0,0.966,1.0,,,Mostly CF; some games in RF to keep him fresh.,76-86,Rebuild — final season for several core veterans,,,,,,,,,,,,,,,,,,,,,
P006,18,2043,Marcus,Marquis,Red Sox,CF,,R,R,39,5'11,175,89,90,63,74,60,73,81,80,81,75,61,66,82,97,70,61,51,82,84,79,78,93,40.0,40.0,20.0,40.0,40.0,20.0,50.0,Middle-Middle,Familiar Pitchers,Textbook Square,"Cool Customer,Quick Learner,Late Bloomer,Clutch Hitter",Refuses scouting reports,Calm lazy genius,152,575,528,54,115,18,0.0,16,54,47,115,7,6,0.219,0.283,0.346,0.629,0.3,0,0,0.0,0.0,0,99,0.0,0,0,0,0,0,0,0,0,0,0,267,7,11.0,0.962,2.0,Retired;Final Season;First Ballot Hall of Fame,,Final year — retired the inner-circle franchise great.,72-90,Farewell year for the championship core — all 11 originals retired together,,,,,,,,,,,,,,,,,,,,,"Franchise Career Hits Record (2,622); 3-Time Team MVP"
P007,1,2026,Ian,,Red Sox,SP,,R,R,21,5'10,165,96,92,65,65,68,68,72,68,70,65,40,30,83,72,78,70,75,60,68,70,68,55,50.0,30.0,20.0,35.0,35.0,30.0,65.0,Middle-Middle,Up and In,Cross-Fire Delivery,"Outlier (velo),Fireballer,Hot Head,Five Tool,Workhorse",Compete Mode Tilt - 1ER drops 12pts,Weirdly good at random things,0,0,0,0,0,0,0.0,0,0,0,0,0,0,0.0,0.0,0.0,0.0,5.1,11,12,3.31,1.26,0,33,184.2,163,68,214,70,14,0,0,0,1,1,14,9,1.0,0.958,0.0,Led in Strikeouts,,Ace rookie campaign — led the league in strikeouts (214).,75-87,Rebuilding year — finished 4th in AL East,4-Seam Fastball,99.0,99.0,95.0,60.0,Slider,88.0,95.0,92.0,85.0,Curveball,80.0,88.0,90.0,95.0,Changeup,85.0,90.0,88.0,75.0,
P007,2,2027,Ian,,Red Sox,SP,,R,R,21,5'10,165,92,92,65,65,68,68,72,68,70,65,40,30,83,72,78,70,75,60,68,70,68,55,50.0,30.0,20.0,35.0,35.0,30.0,65.0,Middle-Middle,Up and In,Cross-Fire Delivery,"Outlier (velo),Fireballer,Hot Head,Five Tool,Workhorse",Compete Mode Tilt - 1ER drops 12pts,Weirdly good at random things,0,0,0,0,0,0,0.0,0,0,0,0,0,0,0.0,0.0,0.0,0.0,4.1,11,10,3.27,1.22,0,34,184.2,162,67,200,62,19,0,0,0,1,1,8,14,1.0,1.0,0.0,All-Star,,All-Star follow-up: another 200 K season.,84-78,First winning season since 2023; missed Wild Card,4-Seam Fastball,99.0,99.0,95.0,60.0,Slider,88.0,95.0,92.0,85.0,Curveball,80.0,88.0,90.0,95.0,Changeup,85.0,90.0,88.0,75.0,
P007,3,2028,Ian,,Red Sox,SP,,R,R,21,5'10,165,99,92,65,65,68,68,72,68,70,65,40,30,83,72,78,70,75,60,68,70,68,55,50.0,30.0,20.0,35.0,35.0,30.0,65.0,Middle-Middle,Up and In,Cross-Fire Delivery,"Outlier (velo),Fireballer,Hot Head,Five Tool,Workhorse",Compete Mode Tilt - 1ER drops 12pts,Weirdly good at random things,0,0,0,0,0,0,0.0,0,0,0,0,0,0,0.0,0.0,0.0,0.0,8.2,20,2,1.78,0.71,0,33,207.1,109,41,307,39,17,0,0,0,2,1,8,9,1.0,1.0,0.0,Cy Young;MVP;All-Star;Led in ERA;Led in Strikeouts;Led in Winning percentage;No Hitter,,"Cy Young + MVP + No-Hitter: 20-2, 1.78 ERA, 307 K's.",92-70,AL East Division Title; lost in ALDS,4-Seam Fastball,99.0,99.0,95.0,60.0,Slider,88.0,95.0,92.0,85.0,Curveball,80.0,88.0,90.0,95.0,Changeup,85.0,90.0,88.0,75.0,
P007,4,2029,Ian,,Red Sox,SP,,R,R,21,5'10,165,99,92,65,65,68,68,72,68,70,65,40,30,83,72,78,70,75,60,68,70,68,55,50.0,30.0,20.0,35.0,35.0,30.0,65.0,Middle-Middle,Up and In,Cross-Fire Delivery,"Outlier (velo),Fireballer,Hot Head,Five Tool,Workhorse",Compete Mode Tilt - 1ER drops 12pts,Weirdly good at random things,0,0,0,0,0,0,0.0,0,0,0,0,0,0,0.0,0.0,0.0,0.0,3.9,13,5,3.21,1.32,0,33,171.0,161,61,204,64,19,0,0,0,0,0,15,6,1.0,1.0,0.0,World Series;Led in Strikeouts,,First ring; led league in K's again (204).,98-64,AL Pennant; WORLD SERIES CHAMPIONS (1st),4-Seam Fastball,99.0,99.0,95.0,60.0,Slider,88.0,95.0,92.0,85.0,Curveball,80.0,88.0,90.0,95.0,Changeup,85.0,90.0,88.0,75.0,
P007,5,2030,Ian,,Red Sox,SP,,R,R,25,5'10,165,99,92,65,65,68,68,72,68,70,65,40,30,83,72,78,70,75,60,68,70,68,55,50.0,30.0,20.0,35.0,35.0,30.0,65.0,Middle-Middle,Up and In,Cross-Fire Delivery,"Outlier (velo),Fireballer,Hot Head,Five Tool,Workhorse",Compete Mode Tilt - 1ER drops 12pts,Weirdly good at random things,33,0,0,0,0,0,0.0,0,0,0,0,0,0,0.0,0.0,0.0,0.0,9.0,17,6,2.45,0.98,0,33,212.0,148,58,258,48,15,0,0,0,2,1,12,18,1.0,0.968,0.0,All-Star;Led in Strikeouts;Cy Young,,"First ring; first Cy Young — 22-W, 2.18 ERA, led in K's (304).",95-67,AL East Title; lost in ALCS,4-Seam Fastball,99.0,99.0,95.0,60.0,Slider,88.0,95.0,92.0,85.0,Curveball,80.0,88.0,90.0,95.0,Changeup,85.0,90.0,88.0,75.0,
P007,6,2031,Ian,,Red Sox,SP,,R,R,26,5'10,165,99,92,65,65,68,68,72,68,70,65,40,30,83,72,78,70,75,60,68,70,68,55,50.0,30.0,20.0,35.0,35.0,30.0,65.0,Middle-Middle,Up and In,Cross-Fire Delivery,"Outlier (velo),Fireballer,Hot Head,Five Tool,Workhorse",Compete Mode Tilt - 1ER drops 12pts,Weirdly good at random things,33,0,0,0,0,0,0.0,0,0,0,0,0,0,0.0,0.0,0.0,0.0,9.0,19,4,2.18,0.92,0,33,218.1,141,53,275,42,12,0,0,0,3,2,10,22,0.0,1.0,0.0,Cy Young;All-Star;Led in Wins;Led in ERA;Led in Strikeouts,,"Second straight Cy Young; 25 wins, 320 K's.",96-66,AL East Title; lost in ALDS,4-Seam Fastball,99.0,99.0,95.0,60.0,Slider,88.0,95.0,92.0,85.0,Curveball,80.0,88.0,90.0,95.0,Changeup,85.0,90.0,88.0,75.0,
P007,7,2032,Ian,,Red Sox,SP,,R,R,27,5'10,165,99,92,65,65,68,68,72,68,70,65,40,30,83,72,78,70,75,60,68,70,68,55,50.0,30.0,20.0,35.0,35.0,30.0,65.0,Middle-Middle,Up and In,Cross-Fire Delivery,"Outlier (velo),Fireballer,Hot Head,Five Tool,Workhorse",Compete Mode Tilt - 1ER drops 12pts,Weirdly good at random things,33,0,0,0,0,0,0.0,0,0,0,0,0,0,0.0,0.0,0.0,0.0,9.0,21,3,2.05,0.88,0,33,222.0,138,51,288,38,11,0,0,0,4,2,11,24,0.0,1.0,0.0,World Series;Cy Young;All-Star;Led in Wins;Led in ERA;Led in Strikeouts,,Second ring; another Cy Young — first 30+ K-per-9 season.,102-60,AL Pennant; WORLD SERIES CHAMPIONS (2nd); 100-win season,4-Seam Fastball,99.0,99.0,95.0,60.0,Slider,88.0,95.0,92.0,85.0,Curveball,80.0,88.0,90.0,95.0,Changeup,85.0,90.0,88.0,75.0,
P007,8,2033,Ian,,Red Sox,SP,,R,R,28,5'10,165,99,92,65,65,68,68,72,68,70,65,40,30,83,72,78,70,75,60,68,70,68,55,50.0,30.0,20.0,35.0,35.0,30.0,65.0,Middle-Middle,Up and In,Cross-Fire Delivery,"Outlier (velo),Fireballer,Hot Head,Five Tool,Workhorse",Compete Mode Tilt - 1ER drops 12pts,Weirdly good at random things,33,0,0,0,0,0,0.0,0,0,0,0,0,0,0.0,0.0,0.0,0.0,9.0,18,5,2.25,0.92,0,33,218.0,142,55,295,42,12,0,0,0,3,1,10,22,0.0,1.0,0.0,All-Star;Led in Strikeouts;Cy Young,,Threw the first no-hitter in franchise history.,104-58,Set franchise record for runs scored (912),4-Seam Fastball,99.0,99.0,95.0,60.0,Slider,88.0,95.0,92.0,85.0,Curveball,80.0,88.0,90.0,95.0,Changeup,85.0,90.0,88.0,75.0,
P007,9,2034,Ian,,Red Sox,SP,,R,R,29,5'10,165,99,92,65,65,68,68,72,68,70,65,40,30,83,72,78,70,75,60,68,70,68,55,50.0,30.0,20.0,35.0,35.0,30.0,65.0,Middle-Middle,Up and In,Cross-Fire Delivery,"Outlier (velo),Fireballer,Hot Head,Five Tool,Workhorse",Compete Mode Tilt - 1ER drops 12pts,Weirdly good at random things,33,0,0,0,0,0,0.0,0,0,0,0,0,0,0.0,0.0,0.0,0.0,9.0,20,4,2.1,0.88,0,33,224.1,138,52,312,38,11,0,0,0,4,2,12,24,1.0,0.973,0.0,Cy Young;All-Star;Led in Wins;Led in ERA;Led in Strikeouts,,Fourth Cy Young; 350 K's — best fastball in baseball.,108-54,Franchise record 108 wins; lost in ALCS,4-Seam Fastball,99.0,99.0,95.0,60.0,Slider,88.0,95.0,92.0,85.0,Curveball,80.0,88.0,90.0,95.0,Changeup,85.0,90.0,88.0,75.0,
P007,10,2035,Ian,,Red Sox,SP,,R,R,30,5'10,165,99,92,65,65,68,68,72,68,70,65,40,30,83,72,78,70,75,60,68,70,68,55,50.0,30.0,20.0,35.0,35.0,30.0,65.0,Middle-Middle,Up and In,Cross-Fire Delivery,"Outlier (velo),Fireballer,Hot Head,Five Tool,Workhorse",Compete Mode Tilt - 1ER drops 12pts,Weirdly good at random things,33,0,0,0,0,0,0.0,0,0,0,0,0,0,0.0,0.0,0.0,0.0,9.0,22,3,1.95,0.85,0,33,230.0,132,50,348,36,10,0,0,0,4,2,11,26,0.0,1.0,0.0,World Series;Cy Young;All-Star;Led in Wins;Led in ERA;Led in Strikeouts,,Third ring; fifth Cy Young — pitcher MVP candidate.,111-51,AL Pennant; WORLD SERIES CHAMPIONS (3rd); franchise record 111 wins,4-Seam Fastball,99.0,99.0,95.0,60.0,Slider,88.0,95.0,92.0,85.0,Curveball,80.0,88.0,90.0,95.0,Changeup,85.0,90.0,88.0,75.0,
P007,11,2036,Ian,,Red Sox,SP,,R,R,31,5'10,165,99,92,65,65,68,68,72,68,70,65,40,30,83,72,78,70,75,60,68,70,68,55,50.0,30.0,20.0,35.0,35.0,30.0,65.0,Middle-Middle,Up and In,Cross-Fire Delivery,"Outlier (velo),Fireballer,Hot Head,Five Tool,Workhorse",Compete Mode Tilt - 1ER drops 12pts,Weirdly good at random things,33,0,0,0,0,0,0.0,0,0,0,0,0,0,0.0,0.0,0.0,0.0,9.0,19,5,2.18,0.91,0,33,222.0,140,54,388,32,12,0,0,0,3,2,10,22,0.0,1.0,0.0,Cy Young;All-Star;Led in Strikeouts;Led in ERA,MLB Modern-Era Single-Season Strikeouts Record (388),Set the modern strikeout record at 388 — sixth Cy Young.,99-63,"Set franchise pitching strikeout record (1,654); lost in ALCS",4-Seam Fastball,99.0,99.0,95.0,60.0,Slider,88.0,95.0,92.0,85.0,Curveball,80.0,88.0,90.0,95.0,Changeup,85.0,90.0,88.0,75.0,
P007,12,2037,Ian,,Red Sox,SP,,R,R,32,5'10,165,99,92,65,65,68,68,72,68,70,65,40,30,83,72,78,70,75,60,68,70,68,55,50.0,30.0,20.0,35.0,35.0,30.0,65.0,Middle-Middle,Up and In,Cross-Fire Delivery,"Outlier (velo),Fireballer,Hot Head,Five Tool,Workhorse",Compete Mode Tilt - 1ER drops 12pts,Weirdly good at random things,33,0,0,0,0,0,0.0,0,0,0,0,0,0,0.0,0.0,0.0,0.0,9.0,17,6,2.45,0.96,0,33,212.0,152,58,310,42,14,0,0,0,2,1,9,20,1.0,0.967,0.0,All-Star;Led in Strikeouts;Cy Young,,"Reached 2,500 career K's — sixth-ever to do it that fast.",95-67,AL East Title; lost in ALDS,4-Seam Fastball,99.0,99.0,95.0,60.0,Slider,88.0,95.0,92.0,85.0,Curveball,80.0,88.0,90.0,95.0,Changeup,85.0,90.0,88.0,75.0,
P007,13,2038,Ian,,Red Sox,SP,,R,R,33,5'10,165,99,92,65,65,68,68,72,68,70,65,40,30,83,72,78,70,75,60,68,70,68,55,50.0,30.0,20.0,35.0,35.0,30.0,65.0,Middle-Middle,Up and In,Cross-Fire Delivery,"Outlier (velo),Fireballer,Hot Head,Five Tool,Workhorse",Compete Mode Tilt - 1ER drops 12pts,Weirdly good at random things,33,0,0,0,0,0,0.0,0,0,0,0,0,0,0.0,0.0,0.0,0.0,8.8,16,7,2.68,1.02,0,33,204.4,167,61,278,47,16,0,0,0,1,1,8,19,1.0,0.964,0.0,World Series;All-Star,,Fourth ring; another 250-K year despite a 3.50 ERA.,101-61,AL Pennant; WORLD SERIES CHAMPIONS (4th); end of dynasty core era,4-Seam Fastball,99.0,99.0,95.0,60.0,Slider,88.0,95.0,92.0,85.0,Curveball,80.0,88.0,90.0,95.0,Changeup,85.0,90.0,88.0,75.0,
P007,14,2039,Ian,,Red Sox,SP,,R,R,34,5'10,165,99,92,65,65,68,68,72,68,70,65,40,30,83,72,78,70,75,60,68,70,68,55,50.0,30.0,20.0,35.0,35.0,30.0,65.0,Middle-Middle,Up and In,Cross-Fire Delivery,"Outlier (velo),Fireballer,Hot Head,Five Tool,Workhorse",Compete Mode Tilt - 1ER drops 12pts,Weirdly good at random things,33,0,0,0,0,0,0.0,0,0,0,0,0,0,0.0,0.0,0.0,0.0,9.4,15,10,3.05,1.12,0,33,198.0,185,67,242,57,21,0,0,0,0,0,7,15,1.0,0.952,0.0,All-Star,,"Reached 3,000 career strikeouts — eighth-ever to do it.",88-74,Missed playoffs for first time since 2027,4-Seam Fastball,99.0,99.0,95.0,60.0,Slider,88.0,95.0,92.0,85.0,Curveball,80.0,88.0,90.0,95.0,Changeup,85.0,90.0,88.0,75.0,
P007,15,2040,Ian,,Red Sox,SP,,R,R,35,5'10,165,99,92,65,65,68,68,72,68,70,65,40,30,83,72,78,70,75,60,68,70,68,55,50.0,30.0,20.0,35.0,35.0,30.0,65.0,Middle-Middle,Up and In,Cross-Fire Delivery,"Outlier (velo),Fireballer,Hot Head,Five Tool,Workhorse",Compete Mode Tilt - 1ER drops 12pts,Weirdly good at random things,33,0,0,0,0,0,0.0,0,0,0,0,0,0,0.0,0.0,0.0,0.0,7.1,14,12,3.42,1.18,0,33,190.9,194,73,222,66,26,0,0,0,0,0,5,14,1.0,0.941,0.0,3000th Career Strikeout;All-Star,"8th Pitcher to 3,000 Career Strikeouts",Seventh Cy Young at age 35 — won 21 games.,84-78,Missed playoffs; began transition phase,4-Seam Fastball,99.0,99.0,95.0,60.0,Slider,88.0,95.0,92.0,85.0,Curveball,80.0,88.0,90.0,95.0,Changeup,85.0,90.0,88.0,75.0,
P007,16,2041,Ian,,Red Sox,SP,,R,R,36,5'10,165,99,92,65,65,68,68,72,68,70,65,40,30,83,72,78,70,75,60,68,70,68,55,50.0,30.0,20.0,35.0,35.0,30.0,65.0,Middle-Middle,Up and In,Cross-Fire Delivery,"Outlier (velo),Fireballer,Hot Head,Five Tool,Workhorse",Compete Mode Tilt - 1ER drops 12pts,Weirdly good at random things,33,0,0,0,0,0,0.0,0,0,0,0,0,0,0.0,0.0,0.0,0.0,3.4,11,15,3.95,1.28,0,33,178.8,199,78,195,69,29,0,0,0,0,0,4,12,1.0,0.923,0.0,,,Eighth Cy Young; absolute master of the mound.,79-83,First losing season since 2026,4-Seam Fastball,99.0,99.0,95.0,60.0,Slider,88.0,95.0,92.0,85.0,Curveball,80.0,88.0,90.0,95.0,Changeup,85.0,90.0,88.0,75.0,
P007,17,2042,Ian,,Red Sox,SP,,R,R,37,5'10,165,99,92,65,65,68,68,72,68,70,65,40,30,83,72,78,70,75,60,68,70,68,55,50.0,30.0,20.0,35.0,35.0,30.0,65.0,Middle-Middle,Up and In,Cross-Fire Delivery,"Outlier (velo),Fireballer,Hot Head,Five Tool,Workhorse",Compete Mode Tilt - 1ER drops 12pts,Weirdly good at random things,33,0,0,0,0,0,0.0,0,0,0,0,0,0,0.0,0.0,0.0,0.0,1.0,9,16,4.32,1.35,0,33,168.7,192,81,174,70,29,0,0,0,0,0,4,11,2.0,0.889,0.0,,,First losing record of his career (12-15) but still K leader.,76-86,Rebuild — final season for several core veterans,4-Seam Fastball,99.0,99.0,95.0,60.0,Slider,88.0,95.0,92.0,85.0,Curveball,80.0,88.0,90.0,95.0,Changeup,85.0,90.0,88.0,75.0,
P007,18,2043,Ian,,Red Sox,SP,,R,R,38,5'10,165,99,92,65,65,68,68,72,68,70,65,40,30,83,72,78,70,75,60,68,70,68,55,50.0,30.0,20.0,35.0,35.0,30.0,65.0,Middle-Middle,Up and In,Cross-Fire Delivery,"Outlier (velo),Fireballer,Hot Head,Five Tool,Workhorse",Compete Mode Tilt - 1ER drops 12pts,Weirdly good at random things,28,0,0,0,0,0,0.0,0,0,0,0,0,0,0.0,0.0,0.0,0.0,-2.3,10,14,4.85,1.42,63,28,192.5,238,105,147,98,38,0,0,0,0,0,4,14,4.0,0.833,0.0,Retired;Final Season;First Ballot Hall of Fame,,"Farewell tour — retired with 4,356 career K's, first-ballot HoFer.",72-90,Farewell year for the championship core — all 11 originals retired together,4-Seam Fastball,99.0,99.0,95.0,60.0,Slider,88.0,95.0,92.0,85.0,Curveball,80.0,88.0,90.0,95.0,Changeup,85.0,90.0,88.0,75.0,"Franchise Career Strikeouts (4,356); 8 Cy Youngs; First No-Hitter"
P008,1,2026,Griffin,,Red Sox,LF,CF,R,R,22,6'1,185,72,86,75,88,70,87,91,60,94,50,40,30,72,65,55,40,30,42,50,75,55,60,55.0,30.0,15.0,25.0,35.0,40.0,65.0,Any Fastball,Any Breaking Ball,Slight Crouch Still,"Outlier (vision),Bomber,One Trick Pony,Lazy,Fastball Hunter",Osu Brain - locks only on FB,Only plays osu,103,420,389,45,100,21,1.0,20,52,28,52,6,0,0.257,0.309,0.47,0.779,-0.4,0,0,0.0,0.0,0,0,0.0,0,0,0,0,0,0,0,0,0,0,200,5,10.0,0.953,18.0,,,Rookie year: 20 HR power but defense dragged WAR down.,75-87,Rebuilding year — finished 4th in AL East,,,,,,,,,,,,,,,,,,,,,
P008,2,2027,Griffin,,Red Sox,LF,CF,R,R,22,6'1,185,85,86,69,88,70,87,93,51,93,50,40,31,74,66,53,35,29,45,50,76,55,60,55.0,30.0,15.0,25.0,35.0,40.0,65.0,Any Fastball,Any Breaking Ball,Slight Crouch Still,"Outlier (vision),Bomber,One Trick Pony,Lazy,Fastball Hunter",Osu Brain - locks only on FB,Only plays osu,135,579,530,67,135,32,2.0,29,74,46,69,2,2,0.255,0.318,0.487,0.805,-0.2,0,0,0.0,0.0,0,0,0.0,0,0,0,0,0,0,0,0,0,0,268,8,12.0,0.958,13.0,,,"Full season: 29 HR, still sub-replacement WAR.",84-78,First winning season since 2023; missed Wild Card,,,,,,,,,,,,,,,,,,,,,
P008,3,2028,Griffin,,Red Sox,LF,CF,R,R,22,6'1,185,85,86,69,88,70,87,93,51,93,50,40,31,74,66,53,35,29,45,50,76,55,60,55.0,30.0,15.0,25.0,35.0,40.0,65.0,Any Fastball,Any Breaking Ball,Slight Crouch Still,"Outlier (vision),Bomber,One Trick Pony,Lazy,Fastball Hunter",Osu Brain - locks only on FB,Only plays osu,131,557,505,72,143,27,0.0,34,85,49,62,4,6,0.283,0.349,0.539,0.888,2.3,0,0,0.0,0.0,0,0,0.0,0,0,0,0,0,0,0,0,0,0,250,9,8.0,0.87,20.0,,,"First positive WAR season — 34 HR, .888 OPS.",92-70,AL East Division Title; lost in ALDS,,,,,,,,,,,,,,,,,,,,,
P008,4,2029,Griffin,,Red Sox,LF,CF,R,R,22,6'1,185,85,86,69,88,70,87,93,51,93,50,40,31,74,66,53,35,29,45,50,76,55,60,55.0,30.0,15.0,25.0,35.0,40.0,65.0,Any Fastball,Any Breaking Ball,Slight Crouch Still,"Outlier (vision),Bomber,One Trick Pony,Lazy,Fastball Hunter",Osu Brain - locks only on FB,Only plays osu,139,581,532,80,159,26,1.0,38,91,58,71,12,1,0.299,0.357,0.566,0.923,3.8,0,0,0.0,0.0,0,0,0.0,0,0,0,0,0,0,0,0,0,0,238,7,7.0,0.972,22.0,World Series;World Series MVP;All-Star,,World Series MVP and All-Star — career-year 38 HR.,98-64,AL Pennant; WORLD SERIES CHAMPIONS (1st),,,,,,,,,,,,,,,,,,,,,
P008,5,2030,Griffin,,Red Sox,LF,CF,R,R,26,6'1,185,85,86,69,88,70,87,93,51,93,50,40,31,74,66,53,35,29,45,50,76,55,60,55.0,30.0,15.0,25.0,35.0,40.0,65.0,Any Fastball,Any Breaking Ball,Slight Crouch Still,"Outlier (vision),Bomber,One Trick Pony,Lazy,Fastball Hunter",Osu Brain - locks only on FB,Only plays osu,142,580,529,83,148,28,1.0,36,86,51,73,8,4,0.28,0.343,0.535,0.878,3.4,0,0,0.0,0.0,0,136,0.0,0,0,0,0,0,0,0,0,0,0,240,8,8.0,0.969,2.0,All-Star;Silver Slugger LF,,First ring; 38-HR season — pure fastball hunter LF.,95-67,AL East Title; lost in ALCS,,,,,,,,,,,,,,,,,,,,,
P008,6,2031,Griffin,,Red Sox,LF,CF,R,R,27,6'1,185,85,86,69,88,70,87,93,51,93,50,40,31,74,66,53,35,29,45,50,76,55,60,55.0,30.0,15.0,25.0,35.0,40.0,65.0,Any Fastball,Any Breaking Ball,Slight Crouch Still,"Outlier (vision),Bomber,One Trick Pony,Lazy,Fastball Hunter",Osu Brain - locks only on FB,Only plays osu,145,595,545,82,151,27,0.0,34,86,50,75,6,3,0.278,0.339,0.519,0.859,3.0,0,0,0.0,0.0,0,135,0.0,0,0,0,0,0,0,0,0,0,0,244,6,11.0,0.96,1.0,All-Star,,"Second ring; first Silver Slugger LF, 42 HR.",96-66,AL East Title; lost in ALDS,,,,,,,,,,,,,,,,,,,,,
P008,7,2032,Griffin,,Red Sox,LF,CF,R,R,28,6'1,185,85,86,69,88,70,87,93,51,93,50,40,31,74,66,53,35,29,45,50,76,55,60,55.0,30.0,15.0,25.0,35.0,40.0,65.0,Any Fastball,Any Breaking Ball,Slight Crouch Still,"Outlier (vision),Bomber,One Trick Pony,Lazy,Fastball Hunter",Osu Brain - locks only on FB,Only plays osu,146,603,547,91,156,29,1.0,39,99,55,72,8,3,0.286,0.352,0.556,0.908,3.8,0,0,0.0,0.0,0,135,0.0,0,0,0,0,0,0,0,0,0,0,255,8,7.0,0.973,2.0,World Series;All-Star;Silver Slugger LF,,Hit 45 HR — only swings at fastballs and crushes them.,102-60,AL Pennant; WORLD SERIES CHAMPIONS (2nd); 100-win season,,,,,,,,,,,,,,,,,,,,,
P008,8,2033,Griffin,,Red Sox,LF,CF,R,R,29,6'1,185,85,86,69,88,70,87,93,51,93,50,40,31,74,66,53,35,29,45,50,76,55,60,55.0,30.0,15.0,25.0,35.0,40.0,65.0,Any Fastball,Any Breaking Ball,Slight Crouch Still,"Outlier (vision),Bomber,One Trick Pony,Lazy,Fastball Hunter",Osu Brain - locks only on FB,Only plays osu,151,625,566,97,163,32,1.0,42,107,59,76,6,3,0.289,0.356,0.57,0.926,4.1,0,0,0.0,0.0,0,136,0.0,0,0,0,0,0,0,0,0,0,0,264,8,8.0,0.97,2.0,All-Star;Silver Slugger LF,,Career-high 47 HR; second Silver Slugger.,104-58,Set franchise record for runs scored (912),,,,,,,,,,,,,,,,,,,,,
P008,9,2034,Griffin,,Red Sox,LF,CF,R,R,30,6'1,185,85,86,69,88,70,87,93,51,93,50,40,31,74,66,53,35,29,45,50,76,55,60,55.0,30.0,15.0,25.0,35.0,40.0,65.0,Any Fastball,Any Breaking Ball,Slight Crouch Still,"Outlier (vision),Bomber,One Trick Pony,Lazy,Fastball Hunter",Osu Brain - locks only on FB,Only plays osu,150,621,566,92,155,30,0.0,39,100,56,79,5,2,0.275,0.34,0.532,0.872,3.4,0,0,0.0,0.0,0,135,0.0,0,0,0,0,0,0,0,0,0,0,262,7,10.0,0.966,2.0,Silver Slugger LF,,"Third ring; another 40-HR year, third Silver Slugger.",108-54,Franchise record 108 wins; lost in ALCS,,,,,,,,,,,,,,,,,,,,,
P008,10,2035,Griffin,,Red Sox,LF,CF,R,R,31,6'1,185,85,86,69,88,70,87,93,51,93,50,40,31,74,66,53,35,29,45,50,76,55,60,55.0,30.0,15.0,25.0,35.0,40.0,65.0,Any Fastball,Any Breaking Ball,Slight Crouch Still,"Outlier (vision),Bomber,One Trick Pony,Lazy,Fastball Hunter",Osu Brain - locks only on FB,Only plays osu,149,615,558,93,155,28,1.0,40,103,56,73,4,3,0.278,0.345,0.547,0.892,4.0,0,0,0.0,0.0,0,135,0.0,0,0,0,0,0,0,0,0,0,0,260,8,9.0,0.966,2.0,World Series;All-Star;Silver Slugger LF,,Won World Series MVP — playoff power tear.,111-51,AL Pennant; WORLD SERIES CHAMPIONS (3rd); franchise record 111 wins,,,,,,,,,,,,,,,,,,,,,
P008,11,2036,Griffin,,Red Sox,LF,CF,R,R,32,6'1,185,85,86,69,88,70,87,93,51,93,50,40,31,74,66,53,35,29,45,50,76,55,60,55.0,30.0,15.0,25.0,35.0,40.0,65.0,Any Fastball,Any Breaking Ball,Slight Crouch Still,"Outlier (vision),Bomber,One Trick Pony,Lazy,Fastball Hunter",Osu Brain - locks only on FB,Only plays osu,145,597,545,84,145,26,0.0,33,92,53,75,4,2,0.266,0.331,0.5,0.831,2.6,0,0,0.0,0.0,0,135,0.0,0,0,0,0,0,0,0,0,0,0,247,6,11.0,0.96,2.0,,,Slugged .560 — best raw power numbers of his career.,99-63,"Set franchise pitching strikeout record (1,654); lost in ALCS",,,,,,,,,,,,,,,,,,,,,
P008,12,2037,Griffin,,Red Sox,LF,CF,R,R,33,6'1,185,85,86,69,88,70,87,93,51,93,50,40,31,74,66,53,35,29,45,50,76,55,60,55.0,30.0,15.0,25.0,35.0,40.0,65.0,Any Fastball,Any Breaking Ball,Slight Crouch Still,"Outlier (vision),Bomber,One Trick Pony,Lazy,Fastball Hunter",Osu Brain - locks only on FB,Only plays osu,142,581,533,77,133,24,0.0,30,83,48,81,3,2,0.25,0.312,0.461,0.773,1.5,0,0,0.0,0.0,0,135,0.0,0,0,0,0,0,0,0,0,0,0,238,6,12.0,0.953,1.0,,,Hit his 300th career HR.,95-67,AL East Title; lost in ALDS,,,,,,,,,,,,,,,,,,,,,
P008,13,2038,Griffin,,Red Sox,LF,CF,R,R,34,6'1,185,85,86,69,88,70,87,93,51,93,50,40,31,74,66,53,35,29,45,50,76,55,60,55.0,30.0,15.0,25.0,35.0,40.0,65.0,Any Fastball,Any Breaking Ball,Slight Crouch Still,"Outlier (vision),Bomber,One Trick Pony,Lazy,Fastball Hunter",Osu Brain - locks only on FB,Only plays osu,154,626,576,73,133,24,0.0,29,81,50,99,3,1,0.231,0.292,0.421,0.712,0.2,0,0,0.0,0.0,0,135,0.0,0,0,0,0,0,0,0,0,0,0,255,5,16.0,0.943,1.0,World Series,,Fourth ring; 38 HR and another Silver Slugger.,101-61,AL Pennant; WORLD SERIES CHAMPIONS (4th); end of dynasty core era,,,,,,,,,,,,,,,,,,,,,
P008,14,2039,Griffin,,Red Sox,LF,CF,R,R,35,6'1,185,85,86,69,88,70,87,93,51,93,50,40,31,74,66,53,35,29,45,50,76,55,60,55.0,30.0,15.0,25.0,35.0,40.0,65.0,Any Fastball,Any Breaking Ball,Slight Crouch Still,"Outlier (vision),Bomber,One Trick Pony,Lazy,Fastball Hunter",Osu Brain - locks only on FB,Only plays osu,153,606,560,61,122,20,0.0,26,71,45,110,2,2,0.218,0.277,0.391,0.667,-0.9,0,0,0.0,0.0,0,118,0.0,0,0,0,0,0,0,0,0,0,0,249,5,21.0,0.924,2.0,,,Locked in as everyday LF; 35 HR.,88-74,Missed playoffs for first time since 2027,,,,,,,,,,,,,,,,,,,,,
P008,15,2040,Griffin,,Red Sox,LF,CF,R,R,36,6'1,185,85,86,69,88,70,87,93,51,93,50,40,31,74,66,53,35,29,45,50,76,55,60,55.0,30.0,15.0,25.0,35.0,40.0,65.0,Any Fastball,Any Breaking Ball,Slight Crouch Still,"Outlier (vision),Bomber,One Trick Pony,Lazy,Fastball Hunter",Osu Brain - locks only on FB,Only plays osu,140,444,409,43,90,15,0.0,22,55,35,101,2,0,0.219,0.281,0.414,0.695,-0.8,0,0,0.0,0.0,0,117,0.0,0,0,0,0,0,0,0,0,0,0,210,4,15.0,0.932,2.0,,,33 HR with declining contact rate but huge power.,84-78,Missed playoffs; began transition phase,,,,,,,,,,,,,,,,,,,,,
P008,16,2041,Griffin,,Red Sox,LF,CF,R,R,37,6'1,185,85,86,69,88,70,87,93,51,93,50,40,31,74,66,53,35,29,45,50,76,55,60,55.0,30.0,15.0,25.0,35.0,40.0,65.0,Any Fastball,Any Breaking Ball,Slight Crouch Still,"Outlier (vision),Bomber,One Trick Pony,Lazy,Fastball Hunter",Osu Brain - locks only on FB,Only plays osu,139,405,374,36,81,12,0.0,18,51,30,96,0,0,0.216,0.275,0.392,0.667,-0.8,0,0,0.0,0.0,0,65,0.0,0,0,0,0,0,0,0,0,0,0,182,5,12.0,0.937,0.0,,,Started giving way some games in LF — DH role expanded.,79-83,First losing season since 2026,,,,,,,,,,,,,,,,,,,,,
P008,17,2042,Griffin,,Red Sox,LF,CF,R,R,38,6'1,185,85,86,69,88,70,87,93,51,93,50,40,31,74,66,53,35,29,45,50,76,55,60,55.0,30.0,15.0,25.0,35.0,40.0,65.0,Any Fastball,Any Breaking Ball,Slight Crouch Still,"Outlier (vision),Bomber,One Trick Pony,Lazy,Fastball Hunter",Osu Brain - locks only on FB,Only plays osu,141,368,341,26,74,11,0.0,15,45,26,89,0,0,0.217,0.273,0.38,0.653,-0.7,0,0,0.0,0.0,0,66,0.0,0,0,0,0,0,0,0,0,0,0,156,4,11.0,0.935,0.0,,,Veteran LF/DH split — 28 HR.,76-86,Rebuild — final season for several core veterans,,,,,,,,,,,,,,,,,,,,,
P008,18,2043,Griffin,,Red Sox,LF,CF,R,R,39,6'1,185,85,86,69,88,70,87,93,51,93,50,40,31,74,66,53,35,29,45,50,76,55,60,55.0,30.0,15.0,25.0,35.0,40.0,65.0,Any Fastball,Any Breaking Ball,Slight Crouch Still,"Outlier (vision),Bomber,One Trick Pony,Lazy,Fastball Hunter",Osu Brain - locks only on FB,Only plays osu,142,315,295,20,60,11,0.0,11,36,20,82,0,0,0.207,0.258,0.345,0.603,-1.0,0,0,0.0,0.0,0,63,0.0,0,0,0,0,0,0,0,0,0,0,142,5,11.0,0.935,0.0,Retired;Final Season;Hall of Fame,,Final season — retired with 463 career HR.,72-90,Farewell year for the championship core — all 11 originals retired together,,,,,,,,,,,,,,,,,,,,,Franchise LF Home Run Record (463 career HR)
P009,1,2026,Caden,The Enigma,Red Sox,RP,CP,R,R,21,5'11,170,69,83,55,60,45,50,60,50,55,45,30,25,68,65,80,60,90,55,55,75,55,80,,,,,,,40.0,Mystery,Funky Low 3/4,"Ghost,Sprinter,Pressure Cooker,Mystery Man",Disappears 4 games at a time,Nobody knows anything,0,0,0,0,0,0,0,0.0,0,0,0,0,0,0,0.0,0.0,0.0,0.0,2.3,6,13,3.08,1.28,0,0,0.0,0,35,116,38,35,3,25,3,0,0,6,4,0.0,1.0,,,,Rookie middle reliever — 35 saves and 25 holds in setup duty.,75-87,Rebuilding year — finished 4th in AL East,Splitter,88.0,85.0,80.0,90.0,Sinker,95.0,92.0,82.0,75.0,Cutter,92.0,89.0,85.0,80.0,Knuckleball,72.0,70.0,75.0,99.0,
P009,2,2027,Caden,The Enigma,Red Sox,RP,CP,R,R,21,5'11,170,87,83,55,60,45,50,60,50,55,45,30,25,68,65,80,60,90,55,55,75,55,80,,,,,,,40.0,Mystery,Funky Low 3/4,"Ghost,Sprinter,Pressure Cooker,Mystery Man",Disappears 4 games at a time,Nobody knows anything,0,0,0,0,0,0,0,0.0,0,0,0,0,0,0,0.0,0.0,0.0,0.0,2.2,7,10,3.78,1.28,0,0,116.2,115,49,147,45,12,0,9,9,0,0,3,4,0.0,1.0,,,,Expanded role: 116 IP and 147 K out of the pen.,84-78,First winning season since 2023; missed Wild Card,Splitter,88.0,85.0,80.0,90.0,Sinker,95.0,92.0,82.0,75.0,Cutter,92.0,89.0,85.0,80.0,Knuckleball,72.0,70.0,75.0,99.0,
P009,3,2028,Caden,The Enigma,Red Sox,RP,CP,R,R,21,5'11,170,87,83,55,60,45,50,60,50,55,45,30,25,68,65,80,60,90,55,55,75,55,80,,,,,,,40.0,Mystery,Funky Low 3/4,"Ghost,Sprinter,Pressure Cooker,Mystery Man",Disappears 4 games at a time,Nobody knows anything,0,0,0,0,0,0,0,0.0,0,0,0,0,0,0,0.0,0.0,0.0,0.0,2.6,9,0,1.97,0.92,0,0,127.2,77,32,156,40,13,0,7,0,0,0,7,6,0.0,1.0,,All-Star,,All-Star: 9-0 with a 1.97 ERA in 127 IP.,92-70,AL East Division Title; lost in ALDS,Splitter,88.0,85.0,80.0,90.0,Sinker,95.0,92.0,82.0,75.0,Cutter,92.0,89.0,85.0,80.0,Knuckleball,72.0,70.0,75.0,99.0,
P009,4,2029,Caden,The Enigma,Red Sox,RP,CP,R,R,21,5'11,170,87,83,55,60,45,50,60,50,55,45,30,25,68,65,80,60,90,55,55,75,55,80,,,,,,,40.0,Mystery,Funky Low 3/4,"Ghost,Sprinter,Pressure Cooker,Mystery Man",Disappears 4 games at a time,Nobody knows anything,0,0,0,0,0,0,0,0.0,0,0,0,0,0,0,0.0,0.0,0.0,0.0,1.5,5,3,2.15,1.04,0,0,67.0,48,22,77,22,5,54,1,3,0,0,2,5,0.0,1.0,,World Series;Led in Saves,,First ring; led league with 54 saves as primary closer.,98-64,AL Pennant; WORLD SERIES CHAMPIONS (1st),Splitter,88.0,85.0,80.0,90.0,Sinker,95.0,92.0,82.0,75.0,Cutter,92.0,89.0,85.0,80.0,Knuckleball,72.0,70.0,75.0,99.0,
P009,5,2030,Caden,The Enigma,Red Sox,RP,CP,R,R,25,5'11,170,87,83,55,60,45,50,60,50,55,45,30,25,68,65,80,60,90,55,55,75,55,80,,,,,,,40.0,Mystery,Funky Low 3/4,"Ghost,Sprinter,Pressure Cooker,Mystery Man",Disappears 4 games at a time,Nobody knows anything,0,68,0,0,0,0,0,0.0,0,0,0,0,0,0,0.0,0.0,0.0,0.0,3.2,6,3,2.42,1.05,68,0,78.0,58,21,102,28,5,38,4,4,0,0,4,6,0.0,1.0,0.0,All-Star,,First ring; 38 saves as the primary closer.,95-67,AL East Title; lost in ALCS,Splitter,88.0,85.0,80.0,90.0,Sinker,95.0,92.0,82.0,75.0,Cutter,92.0,89.0,85.0,80.0,Knuckleball,72.0,70.0,75.0,99.0,
P009,6,2031,Caden,The Enigma,Red Sox,RP,CP,R,R,26,5'11,170,87,83,55,60,45,50,60,50,55,45,30,25,68,65,80,60,90,55,55,75,55,80,,,,,,,40.0,Mystery,Funky Low 3/4,"Ghost,Sprinter,Pressure Cooker,Mystery Man",Disappears 4 games at a time,Nobody knows anything,0,68,0,0,0,0,0,0.0,0,0,0,0,0,0,0.0,0.0,0.0,0.0,3.8,5,2,2.05,0.96,70,0,79.1,52,18,108,24,4,44,3,3,0,0,3,8,0.0,1.0,0.0,All-Star;Led in Saves;Reliever of the Year,,Second ring; first Reliever of the Year — 48 saves.,96-66,AL East Title; lost in ALDS,Splitter,88.0,85.0,80.0,90.0,Sinker,95.0,92.0,82.0,75.0,Cutter,92.0,89.0,85.0,80.0,Knuckleball,72.0,70.0,75.0,99.0,
P009,7,2032,Caden,The Enigma,Red Sox,RP,CP,R,R,27,5'11,170,87,83,55,60,45,50,60,50,55,45,30,25,68,65,80,60,90,55,55,75,55,80,,,,,,,40.0,Mystery,Funky Low 3/4,"Ghost,Sprinter,Pressure Cooker,Mystery Man",Disappears 4 games at a time,Nobody knows anything,0,68,0,0,0,0,0,0.0,0,0,0,0,0,0,0.0,0.0,0.0,0.0,4.0,6,2,1.88,0.92,72,0,82.0,54,17,115,22,3,46,2,2,0,0,4,9,0.0,1.0,0.0,World Series;All-Star;Led in Saves;Reliever of the Year,,Set the single-season saves record (65) — historic year.,102-60,AL Pennant; WORLD SERIES CHAMPIONS (2nd); 100-win season,Splitter,88.0,85.0,80.0,90.0,Sinker,95.0,92.0,82.0,75.0,Cutter,92.0,89.0,85.0,80.0,Knuckleball,72.0,70.0,75.0,99.0,
P009,8,2033,Caden,The Enigma,Red Sox,RP,CP,R,R,28,5'11,170,87,83,55,60,45,50,60,50,55,45,30,25,68,65,80,60,90,55,55,75,55,80,,,,,,,40.0,Mystery,Funky Low 3/4,"Ghost,Sprinter,Pressure Cooker,Mystery Man",Disappears 4 games at a time,Nobody knows anything,0,68,0,0,0,0,0,0.0,0,0,0,0,0,0,0.0,0.0,0.0,0.0,4.0,4,2,1.95,0.94,70,0,80.0,56,17,112,22,4,48,2,2,0,0,4,8,0.0,1.0,0.0,All-Star;Led in Saves;Reliever of the Year,,Second Reliever of the Year — 52 saves.,104-58,Set franchise record for runs scored (912),Splitter,88.0,85.0,80.0,90.0,Sinker,95.0,92.0,82.0,75.0,Cutter,92.0,89.0,85.0,80.0,Knuckleball,72.0,70.0,75.0,99.0,
P009,9,2034,Caden,The Enigma,Red Sox,RP,CP,R,R,29,5'11,170,87,83,55,60,45,50,60,50,55,45,30,25,68,65,80,60,90,55,55,75,55,80,,,,,,,40.0,Mystery,Funky Low 3/4,"Ghost,Sprinter,Pressure Cooker,Mystery Man",Disappears 4 games at a time,Nobody knows anything,0,68,0,0,0,0,0,0.0,0,0,0,0,0,0,0.0,0.0,0.0,0.0,4.0,5,1,1.75,0.88,72,0,82.1,52,16,118,18,3,65,1,1,0,0,5,10,0.0,1.0,0.0,All-Star;Led in Saves;Reliever of the Year,MLB Single-Season Saves Record (65),Third ring; another 50+ save season.,108-54,Franchise record 108 wins; lost in ALCS,Splitter,88.0,85.0,80.0,90.0,Sinker,95.0,92.0,82.0,75.0,Cutter,92.0,89.0,85.0,80.0,Knuckleball,72.0,70.0,75.0,99.0,
P009,10,2035,Caden,The Enigma,Red Sox,RP,CP,R,R,30,5'11,170,87,83,55,60,45,50,60,50,55,45,30,25,68,65,80,60,90,55,55,75,55,80,,,,,,,40.0,Mystery,Funky Low 3/4,"Ghost,Sprinter,Pressure Cooker,Mystery Man",Disappears 4 games at a time,Nobody knows anything,0,68,0,0,0,0,0,0.0,0,0,0,0,0,0,0.0,0.0,0.0,0.0,4.0,4,2,1.85,0.92,70,0,78.0,55,16,110,20,4,52,2,2,0,0,4,8,0.0,1.0,0.0,World Series;All-Star;Led in Saves;Reliever of the Year,,Knuckleball came out of nowhere — fourth Reliever of the Year.,111-51,AL Pennant; WORLD SERIES CHAMPIONS (3rd); franchise record 111 wins,Splitter,88.0,85.0,80.0,90.0,Sinker,95.0,92.0,82.0,75.0,Cutter,92.0,89.0,85.0,80.0,Knuckleball,72.0,70.0,75.0,99.0,
P009,11,2036,Caden,The Enigma,Red Sox,RP,CP,R,R,31,5'11,170,87,83,55,60,45,50,60,50,55,45,30,25,68,65,80,60,90,55,55,75,55,80,,,,,,,40.0,Mystery,Funky Low 3/4,"Ghost,Sprinter,Pressure Cooker,Mystery Man",Disappears 4 games at a time,Nobody knows anything,0,68,0,0,0,0,0,0.0,0,0,0,0,0,0,0.0,0.0,0.0,0.0,3.8,3,3,2.15,0.98,77,0,85.0,66,20,113,25,6,50,2,3,0,0,3,8,0.0,1.0,0.0,All-Star,,Fifth Reliever of the Year — closing every high-leverage game.,99-63,"Set franchise pitching strikeout record (1,654); lost in ALCS",Splitter,88.0,85.0,80.0,90.0,Sinker,95.0,92.0,82.0,75.0,Cutter,92.0,89.0,85.0,80.0,Knuckleball,72.0,70.0,75.0,99.0,
P009,12,2037,Caden,The Enigma,Red Sox,RP,CP,R,R,32,5'11,170,87,83,55,60,45,50,60,50,55,45,30,25,68,65,80,60,90,55,55,75,55,80,,,,,,,40.0,Mystery,Funky Low 3/4,"Ghost,Sprinter,Pressure Cooker,Mystery Man",Disappears 4 games at a time,Nobody knows anything,0,68,0,0,0,0,0,0.0,0,0,0,0,0,0,0.0,0.0,0.0,0.0,2.7,3,5,2.65,1.08,70,0,77.1,70,23,97,27,7,41,3,5,0,0,2,7,1.0,0.889,0.0,400th Career Save,5th Pitcher to 400 Career Saves,Reached 300 career saves.,95-67,AL East Title; lost in ALDS,Splitter,88.0,85.0,80.0,90.0,Sinker,95.0,92.0,82.0,75.0,Cutter,92.0,89.0,85.0,80.0,Knuckleball,72.0,70.0,75.0,99.0,
P009,13,2038,Caden,The Enigma,Red Sox,RP,CP,R,R,33,5'11,170,87,83,55,60,45,50,60,50,55,45,30,25,68,65,80,60,90,55,55,75,55,80,,,,,,,40.0,Mystery,Funky Low 3/4,"Ghost,Sprinter,Pressure Cooker,Mystery Man",Disappears 4 games at a time,Nobody knows anything,0,68,0,0,0,0,0,0.0,0,0,0,0,0,0,0.0,0.0,0.0,0.0,1.4,3,6,3.45,1.22,73,0,75.6,82,29,88,33,9,33,6,8,0,0,2,6,2.0,0.833,0.0,World Series,,"Fourth ring; 44 saves, lockdown postseason.",101-61,AL Pennant; WORLD SERIES CHAMPIONS (4th); end of dynasty core era,Splitter,88.0,85.0,80.0,90.0,Sinker,95.0,92.0,82.0,75.0,Cutter,92.0,89.0,85.0,80.0,Knuckleball,72.0,70.0,75.0,99.0,
P009,14,2039,Caden,The Enigma,Red Sox,RP,CP,R,R,34,5'11,170,87,83,55,60,45,50,60,50,55,45,30,25,68,65,80,60,90,55,55,75,55,80,,,,,,,40.0,Mystery,Funky Low 3/4,"Ghost,Sprinter,Pressure Cooker,Mystery Man",Disappears 4 games at a time,Nobody knows anything,0,68,0,0,0,0,0,0.0,0,0,0,0,0,0,0.0,0.0,0.0,0.0,0.9,3,8,3.85,1.3,76,0,72.5,79,32,79,36,11,18,9,9,0,0,2,6,2.0,0.833,0.0,,,First sub-40-save season but still elite ERA.,88-74,Missed playoffs for first time since 2027,Splitter,88.0,85.0,80.0,90.0,Sinker,95.0,92.0,82.0,75.0,Cutter,92.0,89.0,85.0,80.0,Knuckleball,72.0,70.0,75.0,99.0,
P009,15,2040,Caden,The Enigma,Red Sox,RP,CP,R,R,35,5'11,170,87,83,55,60,45,50,60,50,55,45,30,25,68,65,80,60,90,55,55,75,55,80,,,,,,,40.0,Mystery,Funky Low 3/4,"Ghost,Sprinter,Pressure Cooker,Mystery Man",Disappears 4 games at a time,Nobody knows anything,0,68,0,0,0,0,0,0.0,0,0,0,0,0,0,0.0,0.0,0.0,0.0,0.4,5,9,4.2,1.38,102,0,95.2,109,45,91,50,18,14,18,14,0,0,2,7,2.0,0.8,0.0,,,Sixth All-Star nod; veteran closer leadership.,84-78,Missed playoffs; began transition phase,Splitter,88.0,85.0,80.0,90.0,Sinker,95.0,92.0,82.0,75.0,Cutter,92.0,89.0,85.0,80.0,Knuckleball,72.0,70.0,75.0,99.0,
P009,16,2041,Caden,The Enigma,Red Sox,RP,CP,R,R,36,5'11,170,87,83,55,60,45,50,60,50,55,45,30,25,68,65,80,60,90,55,55,75,55,80,,,,,,,40.0,Mystery,Funky Low 3/4,"Ghost,Sprinter,Pressure Cooker,Mystery Man",Disappears 4 games at a time,Nobody knows anything,0,68,0,0,0,0,0,0.0,0,0,0,0,0,0,0.0,0.0,0.0,0.0,-0.2,2,7,4.65,1.45,91,0,86.1,104,45,73,41,20,5,9,11,0,0,0,5,0.0,1.0,0.0,,,Reached 400 career saves — fifth pitcher ever to do it.,79-83,First losing season since 2026,Splitter,88.0,85.0,80.0,90.0,Sinker,95.0,92.0,82.0,75.0,Cutter,92.0,89.0,85.0,80.0,Knuckleball,72.0,70.0,75.0,99.0,
P009,17,2042,Caden,The Enigma,Red Sox,RP,CP,R,R,37,5'11,170,87,83,55,60,45,50,60,50,55,45,30,25,68,65,80,60,90,55,55,75,55,80,,,,,,,40.0,Mystery,Funky Low 3/4,"Ghost,Sprinter,Pressure Cooker,Mystery Man",Disappears 4 games at a time,Nobody knows anything,0,62,0,0,0,0,0,0.0,0,0,0,0,0,0,0.0,0.0,0.0,0.0,-1.0,3,7,4.95,1.5,110,0,103.3,131,59,83,41,24,0,10,10,0,0,0,7,0.0,1.0,0.0,,,Splitter still nasty at age 35 — 38 saves.,76-86,Rebuild — final season for several core veterans,Splitter,88.0,85.0,80.0,90.0,Sinker,95.0,92.0,82.0,75.0,Cutter,92.0,89.0,85.0,80.0,Knuckleball,72.0,70.0,75.0,99.0,
P009,18,2043,Caden,The Enigma,Red Sox,RP,CP,R,R,38,5'11,170,87,83,55,60,45,50,60,50,55,45,30,25,68,65,80,60,90,55,55,75,55,80,,,,,,,40.0,Mystery,Funky Low 3/4,"Ghost,Sprinter,Pressure Cooker,Mystery Man",Disappears 4 games at a time,Nobody knows anything,0,62,0,0,0,0,0,0.0,0,0,0,0,0,0,0.0,0.0,0.0,0.0,-2.4,0,6,5.4,1.55,155,0,136.4,186,87,99,50,31,0,6,12,0,0,0,6,0.0,1.0,0.0,Retired;Final Season;Hall of Fame,,"Farewell — retired with 472 career saves, Hall of Famer.",72-90,Farewell year for the championship core — all 11 originals retired together,Splitter,88.0,85.0,80.0,90.0,Sinker,95.0,92.0,82.0,75.0,Cutter,92.0,89.0,85.0,80.0,Knuckleball,72.0,70.0,75.0,99.0,Franchise Career Saves Record (472)
P010,1,2026,Ronin,,Red Sox,2B,CF/LF/RF,L,R,21,5'8,170,66,78,60,35,86,55,50,30,55,20,50,65,70,25,84,78,95,62,60,75,58,15,70.0,25.0,5.0,30.0,30.0,40.0,82.0,Middle-In,Off Plate,Aggressive Open Big Stride,"Speedster,Bomber,Hot Head,Free Swinger,Rally Killer",Reasonless Rage / 25% ejection,Gets really mad no reasoning,137,509,488,43,114,19,,17,38,16,84,27,9,0.234,0.262,0.389,0.651,0.6,0,0,0.0,0.0,0,0,0.0,0,0,0,0,0,0,0,0,0,0,223,340,5.0,0.991,11.0,,,"Rookie year: power-speed combo (17 HR, 27 SB), .234 AVG.",75-87,Rebuilding year — finished 4th in AL East,,,,,,,,,,,,,,,,,,,,,
P010,2,2027,Ronin,,Red Sox,2B,CF/LF/RF,L,R,21,5'8,170,78,85,36,62,58,82,65,29,65,20,55,71,76,33,84,77,94,68,65,79,63,15,70.0,25.0,5.0,30.0,30.0,40.0,82.0,Middle-In,Off Plate,Aggressive Open Big Stride,"Speedster,Bomber,Hot Head,Free Swinger,Rally Killer",Reasonless Rage / 25% ejection,Gets really mad no reasoning,130,459,438,59,91,16,4.0,14,44,14,73,17,7,0.208,0.237,0.358,0.595,-1.7,0,0,0.0,0.0,0,0,0.0,0,0,0,0,0,0,0,0,0,0,193,256,10.0,0.978,25.0,,,"Sophomore slump — .208 AVG, drop in everything.",84-78,First winning season since 2023; missed Wild Card,,,,,,,,,,,,,,,,,,,,,
P010,3,2028,Ronin,,Red Sox,2B,CF/LF/RF,L,R,21,5'8,170,82,85,41,65,58,87,68,29,65,20,57,73,79,37,84,77,93,70,68,82,66,15,70.0,25.0,5.0,30.0,30.0,40.0,82.0,Middle-In,Off Plate,Aggressive Open Big Stride,"Speedster,Bomber,Hot Head,Free Swinger,Rally Killer",Reasonless Rage / 25% ejection,Gets really mad no reasoning,70,261,256,40,64,10,1.0,28,54,4,54,8,3,0.25,0.264,0.625,0.889,0.4,0,0,0.0,0.0,0,0,0.0,0,0,0,0,0,0,0,0,0,0,69,125,10.0,0.951,6.0,,,"Half-season insanity — 28 HR in 70 games, .625 SLG.",92-70,AL East Division Title; lost in ALDS,,,,,,,,,,,,,,,,,,,,,
P010,4,2029,Ronin,,Red Sox,2B,CF/LF/RF,L,R,21,5'8,170,82,85,41,65,58,87,68,29,65,20,57,73,79,37,84,77,93,70,68,82,66,15,70.0,25.0,5.0,30.0,30.0,40.0,82.0,Middle-In,Off Plate,Aggressive Open Big Stride,"Speedster,Bomber,Hot Head,Free Swinger,Rally Killer",Reasonless Rage / 25% ejection,Gets really mad no reasoning,145,579,535,87,127,18,6.0,25,57,38,92,25,9,0.237,0.293,0.435,0.889,0.8,0,0,0.0,0.0,0,0,0.0,0,0,0,0,0,0,0,0,0,0,220,354,12.0,0.98,18.0,World Series,,First ring; full season of 25 HR / 25 SB.,98-64,AL Pennant; WORLD SERIES CHAMPIONS (1st),,,,,,,,,,,,,,,,,,,,,
P010,5,2030,Ronin,,Red Sox,2B,SS,L,R,25,5'8,170,82,85,41,65,58,87,68,29,65,20,57,73,79,37,84,77,93,70,68,82,66,15,70.0,25.0,5.0,30.0,30.0,40.0,82.0,Middle-In,Off Plate,Aggressive Open Big Stride,"Speedster,Bomber,Hot Head,Free Swinger,Rally Killer",Reasonless Rage / 25% ejection,Gets really mad no reasoning,145,569,545,79,130,19,4.3,25,64,94,94,87,9,0.265,0.272,0.431,0.704,0.6,0,0,0.0,0.0,0,138,0.0,0,0,0,0,0,0,0,0,0,0,225,324,13.0,0.978,16.0,,,"Took over as the everyday 2B — 90 SB in his first full year, league-leading.",95-67,AL East Title; lost in ALCS,,,,,,,,,,,,,,,,,,,,,
P010,6,2031,Ronin,,Red Sox,2B,SS,L,R,26,5'8,170,82,85,41,65,58,87,68,29,65,20,57,73,79,37,84,77,93,70,68,82,66,15,70.0,25.0,5.0,30.0,30.0,40.0,82.0,Middle-In,Off Plate,Aggressive Open Big Stride,"Speedster,Bomber,Hot Head,Free Swinger,Rally Killer",Reasonless Rage / 25% ejection,Gets really mad no reasoning,153,596,571,82,134,18,6.0,23,62,103,98,107,11,0.255,0.265,0.412,0.677,0.4,0,0,0.0,0.0,0,137,0.0,0,0,0,0,0,0,0,0,0,0,237,345,14.0,0.975,16.0,Led in Stolen Bases,,"First ring; 105 SB, first MLB Stolen Base Title — chasing Rickey Henderson talk begins.",96-66,AL East Title; lost in ALDS,,,,,,,,,,,,,,,,,,,,,
P010,7,2032,Ronin,,Red Sox,2B,SS,L,R,27,5'8,170,82,85,41,65,58,87,68,29,65,20,57,73,79,37,84,77,93,70,68,82,66,15,70.0,25.0,5.0,30.0,30.0,40.0,82.0,Middle-In,Off Plate,Aggressive Open Big Stride,"Speedster,Bomber,Hot Head,Free Swinger,Rally Killer",Reasonless Rage / 25% ejection,Gets really mad no reasoning,142,556,530,83,133,21,5.2,27,67,101,85,123,9,0.252,0.286,0.465,0.75,1.0,0,0,0.0,0.0,0,138,0.0,0,0,0,0,0,0,0,0,0,0,222,315,10.0,0.981,17.0,World Series;Led in Stolen Bases;All-Star,,130 SB — same as Rickey's single-season record. Whole league watching.,102-60,AL Pennant; WORLD SERIES CHAMPIONS (2nd); 100-win season,,,,,,,,,,,,,,,,,,,,,
P010,8,2033,Ronin,,Red Sox,2B,SS,L,R,28,5'8,170,82,85,41,65,58,87,68,29,65,20,57,73,79,37,84,77,93,70,68,82,66,15,70.0,25.0,5.0,30.0,30.0,40.0,82.0,Middle-In,Off Plate,Aggressive Open Big Stride,"Speedster,Bomber,Hot Head,Free Swinger,Rally Killer",Reasonless Rage / 25% ejection,Gets really mad no reasoning,152,599,574,87,143,20,4.6,27,69,112,92,147,9,0.265,0.281,0.446,0.727,0.9,0,0,0.0,0.0,0,138,0.0,0,0,0,0,0,0,0,0,0,0,239,334,13.0,0.978,16.0,Led in Stolen Bases;All-Star;MVP,MLB Single-Season Stolen Bases Record (145) — surpassed Rickey Henderson,Second ring; broke Rickey's single-season SB record with 145 stolen bases. Historic.,104-58,Set franchise record for runs scored (912),,,,,,,,,,,,,,,,,,,,,
P010,9,2034,Ronin,,Red Sox,2B,SS,L,R,29,5'8,170,82,85,41,65,58,87,68,29,65,20,57,73,79,37,84,77,93,70,68,82,66,15,70.0,25.0,5.0,30.0,30.0,40.0,82.0,Middle-In,Off Plate,Aggressive Open Big Stride,"Speedster,Bomber,Hot Head,Free Swinger,Rally Killer",Reasonless Rage / 25% ejection,Gets really mad no reasoning,152,596,572,81,137,19,3.6,24,64,108,100,132,8,0.255,0.272,0.416,0.688,0.2,0,0,0.0,0.0,0,138,0.0,0,0,0,0,0,0,0,0,0,0,239,331,15.0,0.975,15.0,Led in Stolen Bases;All-Star,,130 SB; named team's first-ever Rickey Henderson Award winner for SBs.,108-54,Franchise record 108 wins; lost in ALCS,,,,,,,,,,,,,,,,,,,,,
P010,10,2035,Ronin,,Red Sox,2B,SS,L,R,30,5'8,170,82,85,41,65,58,87,68,29,65,20,57,73,79,37,84,77,93,70,68,82,66,15,70.0,25.0,5.0,30.0,30.0,40.0,82.0,Middle-In,Off Plate,Aggressive Open Big Stride,"Speedster,Bomber,Hot Head,Free Swinger,Rally Killer",Reasonless Rage / 25% ejection,Gets really mad no reasoning,154,598,574,73,130,18,2.6,23,57,106,110,118,8,0.26,0.258,0.384,0.642,-0.5,0,0,0.0,0.0,0,137,0.0,0,0,0,0,0,0,0,0,0,0,235,326,15.0,0.973,13.0,World Series;Led in Stolen Bases,,Third ring; 115 SB despite hamstring tweak — record chase continues.,111-51,AL Pennant; WORLD SERIES CHAMPIONS (3rd); franchise record 111 wins,,,,,,,,,,,,,,,,,,,,,
P010,11,2036,Ronin,,Red Sox,2B,SS,L,R,31,5'8,170,82,85,41,65,58,87,68,29,65,20,57,73,79,37,84,77,93,70,68,82,66,15,70.0,25.0,5.0,30.0,30.0,40.0,82.0,Middle-In,Off Plate,Aggressive Open Big Stride,"Speedster,Bomber,Hot Head,Free Swinger,Rally Killer",Reasonless Rage / 25% ejection,Gets really mad no reasoning,156,591,569,68,123,19,3.0,20,52,105,123,109,7,0.265,0.244,0.363,0.606,-1.1,0,0,0.0,0.0,0,137,0.0,0,0,0,0,0,0,0,0,0,0,233,329,20.0,0.966,12.0,Led in Stolen Bases,,105 SB; passed 800 career stolen bases.,99-63,"Set franchise pitching strikeout record (1,654); lost in ALCS",,,,,,,,,,,,,,,,,,,,,
P010,12,2037,Ronin,,Red Sox,2B,SS,L,R,32,5'8,170,82,85,41,65,58,87,68,29,65,20,57,73,79,37,84,77,93,70,68,82,66,15,70.0,25.0,5.0,30.0,30.0,40.0,82.0,Middle-In,Off Plate,Aggressive Open Big Stride,"Speedster,Bomber,Hot Head,Free Swinger,Rally Killer",Reasonless Rage / 25% ejection,Gets really mad no reasoning,148,524,508,53,107,15,1.9,15,41,97,121,94,6,0.255,0.232,0.336,0.568,-2.2,0,0,0.0,0.0,0,137,0.0,0,0,0,0,0,0,0,0,0,0,205,294,21.0,0.96,10.0,Led in Stolen Bases,,Fourth ring; 95 SB at age 32 — defying age.,95-67,AL East Title; lost in ALDS,,,,,,,,,,,,,,,,,,,,,
P010,13,2038,Ronin,,Red Sox,2B,SS,L,R,33,5'8,170,82,85,41,65,58,87,68,29,65,20,57,73,79,37,84,77,93,70,68,82,66,15,70.0,25.0,5.0,30.0,30.0,40.0,82.0,Middle-In,Off Plate,Aggressive Open Big Stride,"Speedster,Bomber,Hot Head,Free Swinger,Rally Killer",Reasonless Rage / 25% ejection,Gets really mad no reasoning,140,386,373,45,84,15,1.9,15,41,91,108,82,6,0.26,0.251,0.395,0.646,-1.1,0,0,0.0,0.0,0,138,0.0,0,0,0,0,0,0,0,0,0,0,177,252,17.0,0.962,7.0,World Series;Led in Stolen Bases,,"88 SB; passed 1,000 career SB — third all-time.",101-61,AL Pennant; WORLD SERIES CHAMPIONS (4th); end of dynasty core era,,,,,,,,,,,,,,,,,,,,,
P010,14,2039,Ronin,,Red Sox,2B,SS,L,R,34,5'8,170,82,85,41,65,58,87,68,29,65,20,57,73,79,37,84,77,93,70,68,82,66,15,70.0,25.0,5.0,30.0,30.0,40.0,82.0,Middle-In,Off Plate,Aggressive Open Big Stride,"Speedster,Bomber,Hot Head,Free Swinger,Rally Killer",Reasonless Rage / 25% ejection,Gets really mad no reasoning,143,396,381,43,76,11,2.4,11,38,91,114,76,5,0.265,0.229,0.338,0.566,-1.2,0,0,0.0,0.0,0,120,0.0,0,0,0,0,0,0,0,0,0,0,172,257,19.0,0.957,8.0,Led in Stolen Bases,,80 SB; second-most career SB in MLB history now.,88-74,Missed playoffs for first time since 2027,,,,,,,,,,,,,,,,,,,,,
P010,15,2040,Ronin,,Red Sox,2B,SS,L,R,35,5'8,170,82,85,41,65,58,87,68,29,65,20,57,73,79,37,84,77,93,70,68,82,66,15,70.0,25.0,5.0,30.0,30.0,40.0,82.0,Middle-In,Off Plate,Aggressive Open Big Stride,"Speedster,Bomber,Hot Head,Free Swinger,Rally Killer",Reasonless Rage / 25% ejection,Gets really mad no reasoning,148,342,329,33,66,10,3.3,10,33,91,106,69,3,0.255,0.231,0.34,0.571,-0.9,0,0,0.0,0.0,0,67,0.0,0,0,0,0,0,0,0,0,0,0,171,237,20.0,0.954,7.0,Led in Stolen Bases,,70 SB; passed Lou Brock for second all-time.,84-78,Missed playoffs; began transition phase,,,,,,,,,,,,,,,,,,,,,
P010,16,2041,Ronin,,Red Sox,2B,SS,L,R,36,5'8,170,82,85,41,65,58,87,68,29,65,20,57,73,79,37,84,77,93,70,68,82,66,15,70.0,25.0,5.0,30.0,30.0,40.0,82.0,Middle-In,Off Plate,Aggressive Open Big Stride,"Speedster,Bomber,Hot Head,Free Swinger,Rally Killer",Reasonless Rage / 25% ejection,Gets really mad no reasoning,150,317,309,26,60,9,4.3,9,30,90,94,60,4,0.26,0.216,0.333,0.55,-0.8,0,0,0.0,0.0,0,64,0.0,0,0,0,0,0,0,0,0,0,0,163,223,21.0,0.947,4.0,,,"60 SB; trails only Rickey Henderson — 1,406 in sight.",79-83,First losing season since 2026,,,,,,,,,,,,,,,,,,,,,
P010,17,2042,Ronin,,Red Sox,2B,SS,L,R,37,5'8,170,82,85,41,65,58,87,68,29,65,20,57,73,79,37,84,77,93,70,68,82,66,15,70.0,25.0,5.0,30.0,30.0,40.0,82.0,Middle-In,Off Plate,Aggressive Open Big Stride,"Speedster,Bomber,Hot Head,Free Swinger,Rally Killer",Reasonless Rage / 25% ejection,Gets really mad no reasoning,143,246,240,23,46,6,0.0,6,23,83,80,55,0,0.265,0.209,0.286,0.495,-0.6,0,0,0.0,0.0,0,66,0.0,0,0,0,0,0,0,0,0,0,0,126,172,17.0,0.945,6.0,All-Star,,Last SB title; passed Rickey on the all-time list mid-season at 50 SB.,76-86,Rebuild — final season for several core veterans,,,,,,,,,,,,,,,,,,,,,
P010,18,2043,Ronin,,Red Sox,2B,SS,L,R,38,5'8,170,82,85,41,65,58,87,68,29,65,20,57,73,79,37,84,77,93,70,68,82,66,15,70.0,25.0,5.0,30.0,30.0,40.0,82.0,Middle-In,Off Plate,Aggressive Open Big Stride,"Speedster,Bomber,Hot Head,Free Swinger,Rally Killer",Reasonless Rage / 25% ejection,Gets really mad no reasoning,149,230,224,22,45,8,0.0,8,22,89,74,75,0,0.255,0.226,0.333,0.559,-0.7,0,0,0.0,0.0,0,68,0.0,0,0,0,0,0,0,0,0,0,0,119,164,15.0,0.95,0.0,Retired;Final Season;First Ballot Hall of Fame,"MLB All-Time Career Stolen Bases Record — surpassed Rickey Henderson (1,406)","Farewell year — broke Rickey Henderson's career SB record (1,406) with #1407 in his final week. Retired as the all-time SB king.",72-90,Farewell year for the championship core — all 11 originals retired together,,,,,,,,,,,,,,,,,,,,,Franchise Career SB Record; All-Time MLB SB Leader
P011,1,2026,Keaton,My Bigness,Red Sox,1B,3B/DH,R,R,22,6'4,270,73,87,50,68,75,95,60,55,62,50,25,5,88,90,20,8,15,55,58,82,60,75,80.0,18.0,2.0,22.0,28.0,50.0,60.0,Inner Half Belt-High,Outside Corner,Massive Square No Stride,"Bomber,Crowd Pleaser,Trash Talker,Insecure,Pull Hitter",Pull Only - refuses oppo,Best trash talker of all time,101,390,418,48,92,12,0.0,22,53,26,87,3,2,0.236,0.287,0.436,0.723,0.4,0,0,0.0,0.0,0,0,0.0,0,0,0,0,0,0,0,0,0,0,679,91,,0.991,20.0,,,"Rookie year: 22 HR, modest 0.4 WAR in 101 games.",75-87,Rebuilding year — finished 4th in AL East,,,,,,,,,,,,,,,,,,,,,
P011,2,2027,Keaton,My Bigness,Red Sox,1B,3B/DH,R,R,22,6'4,270,83,87,56,68,65,92,62,52,62,50,27,6,90,92,18,9,13,58,62,85,62,75,80.0,18.0,2.0,22.0,28.0,50.0,60.0,Inner Half Belt-High,Outside Corner,Massive Square No Stride,"Bomber,Crowd Pleaser,Trash Talker,Insecure,Pull Hitter",Pull Only - refuses oppo,Best trash talker of all time,137,564,513,57,121,18,2.0,23,66,49,95,4,1,0.236,0.305,0.413,0.718,-0.5,0,0,0.0,0.0,0,0,0.0,0,0,0,0,0,0,0,0,0,0,989,118,17.0,0.985,27.0,,,Full season: 23 HR but defense pulled him to -0.5 WAR.,84-78,First winning season since 2023; missed Wild Card,,,,,,,,,,,,,,,,,,,,,
P011,3,2028,Keaton,My Bigness,Red Sox,1B,3B/DH,R,R,22,6'4,270,84,87,57,68,69,92,62,52,62,50,27,6,90,92,18,9,13,58,62,85,62,75,80.0,18.0,2.0,22.0,28.0,50.0,60.0,Inner Half Belt-High,Outside Corner,Massive Square No Stride,"Bomber,Crowd Pleaser,Trash Talker,Insecure,Pull Hitter",Pull Only - refuses oppo,Best trash talker of all time,155,629,580,74,139,16,1.0,30,74,41,119,6,5,0.24,0.299,0.426,0.725,-0.1,0,0,0.0,0.0,0,0,0.0,0,0,0,0,0,0,0,0,0,0,1051,118,14.0,0.988,23.0,,,Career-high 30 HR; lineup volume guy with minimal WAR.,92-70,AL East Division Title; lost in ALDS,,,,,,,,,,,,,,,,,,,,,
P011,4,2029,Keaton,My Bigness,Red Sox,1B,3B/DH,R,R,22,6'4,270,84,87,57,68,69,92,62,52,62,50,27,6,90,92,18,9,13,58,62,85,62,75,80.0,18.0,2.0,22.0,28.0,50.0,60.0,Inner Half Belt-High,Outside Corner,Massive Square No Stride,"Bomber,Crowd Pleaser,Trash Talker,Insecure,Pull Hitter",Pull Only - refuses oppo,Best trash talker of all time,27,112,102,14,27,6,0.0,4,13,9,20,0,0,0.265,0.33,0.441,0.771,0.0,0,0,0.0,0.0,0,0,0.0,0,0,0,0,0,0,0,0,0,0,21,12,4.0,0.892,4.0,World Series,,First ring; injury limited him to 27 games.,98-64,AL Pennant; WORLD SERIES CHAMPIONS (1st),,,,,,,,,,,,,,,,,,,,,
P011,5,2030,Keaton,My Bigness,Red Sox,1B,3B/DH,R,R,26,6'4,270,84,87,57,68,69,92,62,52,62,50,27,6,90,92,18,9,13,58,62,85,62,75,80.0,18.0,2.0,22.0,28.0,50.0,60.0,Inner Half Belt-High,Outside Corner,Massive Square No Stride,"Bomber,Crowd Pleaser,Trash Talker,Insecure,Pull Hitter",Pull Only - refuses oppo,Best trash talker of all time,155,611,563,73,138,21,1.1,31,80,49,115,2,1,0.244,0.304,0.451,0.755,0.6,0,0,0.0,0.0,0,139,0.0,0,0,0,0,0,0,0,0,0,0,1124,116,13.0,0.989,108.0,,,First ring; 36-HR everyday 1B — biggest mouth in the clubhouse.,95-67,AL East Title; lost in ALCS,,,,,,,,,,,,,,,,,,,,,
P011,6,2031,Keaton,My Bigness,Red Sox,1B,3B/DH,R,R,27,6'4,270,84,87,57,68,69,92,62,52,62,50,27,6,90,92,18,9,13,58,62,85,62,75,80.0,18.0,2.0,22.0,28.0,50.0,60.0,Inner Half Belt-High,Outside Corner,Massive Square No Stride,"Bomber,Crowd Pleaser,Trash Talker,Insecure,Pull Hitter",Pull Only - refuses oppo,Best trash talker of all time,147,584,537,72,132,22,0.0,30,79,47,107,1,1,0.244,0.306,0.452,0.758,0.9,0,0,0.0,0.0,0,140,0.0,0,0,0,0,0,0,0,0,0,0,1073,111,10.0,0.992,104.0,,,38 HR; first Silver Slugger nod.,96-66,AL East Title; lost in ALDS,,,,,,,,,,,,,,,,,,,,,
P011,7,2032,Keaton,My Bigness,Red Sox,1B,3B/DH,R,R,28,6'4,270,84,87,57,68,69,92,62,52,62,50,27,6,90,92,18,9,13,58,62,85,62,75,80.0,18.0,2.0,22.0,28.0,50.0,60.0,Inner Half Belt-High,Outside Corner,Massive Square No Stride,"Bomber,Crowd Pleaser,Trash Talker,Insecure,Pull Hitter",Pull Only - refuses oppo,Best trash talker of all time,156,622,571,81,143,25,1.0,34,91,51,110,1,1,0.25,0.312,0.476,0.789,1.3,0,0,0.0,0.0,0,139,0.0,0,0,0,0,0,0,0,0,0,0,1148,122,9.0,0.993,112.0,World Series,,"Second ring; career year — 44 HR, .272 AVG.",102-60,AL Pennant; WORLD SERIES CHAMPIONS (2nd); 100-win season,,,,,,,,,,,,,,,,,,,,,
P011,8,2033,Keaton,My Bigness,Red Sox,1B,3B/DH,R,R,29,6'4,270,84,87,57,68,69,92,62,52,62,50,27,6,90,92,18,9,13,58,62,85,62,75,80.0,18.0,2.0,22.0,28.0,50.0,60.0,Inner Half Belt-High,Outside Corner,Massive Square No Stride,"Bomber,Crowd Pleaser,Trash Talker,Insecure,Pull Hitter",Pull Only - refuses oppo,Best trash talker of all time,142,570,521,75,129,22,0.0,30,82,49,101,1,1,0.247,0.311,0.462,0.774,1.6,0,0,0.0,0.0,0,139,0.0,0,0,0,0,0,0,0,0,0,0,1060,114,7.0,0.994,103.0,,,Trash-talked his way to a second Silver Slugger.,104-58,Set franchise record for runs scored (912),,,,,,,,,,,,,,,,,,,,,
P011,9,2034,Keaton,My Bigness,Red Sox,1B,3B/DH,R,R,30,6'4,270,84,87,57,68,69,92,62,52,62,50,27,6,90,92,18,9,13,58,62,85,62,75,80.0,18.0,2.0,22.0,28.0,50.0,60.0,Inner Half Belt-High,Outside Corner,Massive Square No Stride,"Bomber,Crowd Pleaser,Trash Talker,Insecure,Pull Hitter",Pull Only - refuses oppo,Best trash talker of all time,150,594,548,73,129,21,0.0,29,79,46,113,1,1,0.237,0.297,0.43,0.727,0.8,0,0,0.0,0.0,0,140,0.0,0,0,0,0,0,0,0,0,0,0,1125,119,9.0,0.992,107.0,,,Third ring; 41 HR and three walk-off bombs.,108-54,Franchise record 108 wins; lost in ALCS,,,,,,,,,,,,,,,,,,,,,
P011,10,2035,Keaton,My Bigness,Red Sox,1B,3B/DH,R,R,31,6'4,270,84,87,57,68,69,92,62,52,62,50,27,6,90,92,18,9,13,58,62,85,62,75,80.0,18.0,2.0,22.0,28.0,50.0,60.0,Inner Half Belt-High,Outside Corner,Massive Square No Stride,"Bomber,Crowd Pleaser,Trash Talker,Insecure,Pull Hitter",Pull Only - refuses oppo,Best trash talker of all time,158,623,576,72,129,20,0.0,29,80,47,127,0,0,0.224,0.282,0.409,0.691,0.4,0,0,0.0,0.0,0,139,0.0,0,0,0,0,0,0,0,0,0,0,1202,123,11.0,0.991,111.0,World Series,,Hit his 200th career HR.,111-51,AL Pennant; WORLD SERIES CHAMPIONS (3rd); franchise record 111 wins,,,,,,,,,,,,,,,,,,,,,
P011,11,2036,Keaton,My Bigness,Red Sox,1B,3B/DH,R,R,32,6'4,270,84,87,57,68,69,92,62,52,62,50,27,6,90,92,18,9,13,58,62,85,62,75,80.0,18.0,2.0,22.0,28.0,50.0,60.0,Inner Half Belt-High,Outside Corner,Massive Square No Stride,"Bomber,Crowd Pleaser,Trash Talker,Insecure,Pull Hitter",Pull Only - refuses oppo,Best trash talker of all time,147,566,526,58,107,15,0.0,24,67,40,125,0,0,0.203,0.26,0.373,0.633,-0.4,0,0,0.0,0.0,0,139,0.0,0,0,0,0,0,0,0,0,0,0,1125,111,13.0,0.99,103.0,,,Best clutch year — 33 HR with elite RBI numbers.,99-63,"Set franchise pitching strikeout record (1,654); lost in ALCS",,,,,,,,,,,,,,,,,,,,,
P011,12,2037,Keaton,My Bigness,Red Sox,1B,3B/DH,R,R,33,6'4,270,84,87,57,68,69,92,62,52,62,50,27,6,90,92,18,9,13,58,62,85,62,75,80.0,18.0,2.0,22.0,28.0,50.0,60.0,Inner Half Belt-High,Outside Corner,Massive Square No Stride,"Bomber,Crowd Pleaser,Trash Talker,Insecure,Pull Hitter",Pull Only - refuses oppo,Best trash talker of all time,158,598,559,56,107,15,0.0,23,64,37,144,0,0,0.191,0.242,0.34,0.582,-1.0,0,0,0.0,0.0,0,139,0.0,0,0,0,0,0,0,0,0,0,0,1212,117,15.0,0.989,110.0,,,Fourth ring; 38 HR power year.,95-67,AL East Title; lost in ALDS,,,,,,,,,,,,,,,,,,,,,
P011,13,2038,Keaton,My Bigness,Red Sox,1B,3B/DH,R,R,34,6'4,270,84,87,57,68,69,92,62,52,62,50,27,6,90,92,18,9,13,58,62,85,62,75,80.0,18.0,2.0,22.0,28.0,50.0,60.0,Inner Half Belt-High,Outside Corner,Massive Square No Stride,"Bomber,Crowd Pleaser,Trash Talker,Insecure,Pull Hitter",Pull Only - refuses oppo,Best trash talker of all time,145,539,506,45,92,11,0.0,19,53,32,136,0,0,0.181,0.231,0.319,0.549,-1.5,0,0,0.0,0.0,0,140,0.0,0,0,0,0,0,0,0,0,0,0,1136,104,18.0,0.985,100.0,World Series,,Started splitting 1B/DH duty as Shea moved more to DH.,101-61,AL Pennant; WORLD SERIES CHAMPIONS (4th); end of dynasty core era,,,,,,,,,,,,,,,,,,,,,
P011,14,2039,Keaton,My Bigness,Red Sox,1B,3B/DH,R,R,35,6'4,270,84,87,57,68,69,92,62,52,62,50,27,6,90,92,18,9,13,58,62,85,62,75,80.0,18.0,2.0,22.0,28.0,50.0,60.0,Inner Half Belt-High,Outside Corner,Massive Square No Stride,"Bomber,Crowd Pleaser,Trash Talker,Insecure,Pull Hitter",Pull Only - refuses oppo,Best trash talker of all time,151,532,504,38,88,11,0.0,17,51,30,143,0,0,0.175,0.22,0.296,0.516,-2.0,0,0,0.0,0.0,0,120,0.0,0,0,0,0,0,0,0,0,0,0,1149,105,21.0,0.984,105.0,,,30 HR DH year — clubhouse heartbeat.,88-74,Missed playoffs for first time since 2027,,,,,,,,,,,,,,,,,,,,,
P011,15,2040,Keaton,My Bigness,Red Sox,1B,3B/DH,R,R,36,6'4,270,84,87,57,68,69,92,62,52,62,50,27,6,90,92,18,9,13,58,62,85,62,75,80.0,18.0,2.0,22.0,28.0,50.0,60.0,Inner Half Belt-High,Outside Corner,Massive Square No Stride,"Bomber,Crowd Pleaser,Trash Talker,Insecure,Pull Hitter",Pull Only - refuses oppo,Best trash talker of all time,158,428,402,29,80,11,0.0,15,43,26,121,0,0,0.2,0.248,0.336,0.584,-1.3,0,0,0.0,0.0,0,66,0.0,0,0,0,0,0,0,0,0,0,0,517,52,11.0,0.98,34.0,,,Hit his 300th career HR.,84-78,Missed playoffs; began transition phase,,,,,,,,,,,,,,,,,,,,,
P011,16,2041,Keaton,My Bigness,Red Sox,1B,3B/DH,R,R,37,6'4,270,84,87,57,68,69,92,62,52,62,50,27,6,90,92,18,9,13,58,62,85,62,75,80.0,18.0,2.0,22.0,28.0,50.0,60.0,Inner Half Belt-High,Outside Corner,Massive Square No Stride,"Bomber,Crowd Pleaser,Trash Talker,Insecure,Pull Hitter",Pull Only - refuses oppo,Best trash talker of all time,148,352,333,22,66,8,0.0,11,33,18,103,0,0,0.2,0.242,0.322,0.564,-1.1,0,0,0.0,0.0,0,68,0.0,0,0,0,0,0,0,0,0,0,0,352,29,11.0,0.972,22.0,,,25 HR — veteran DH/1B platoon.,79-83,First losing season since 2026,,,,,,,,,,,,,,,,,,,,,
P011,17,2042,Keaton,My Bigness,Red Sox,1B,3B/DH,R,R,38,6'4,270,84,87,57,68,69,92,62,52,62,50,27,6,90,92,18,9,13,58,62,85,62,75,80.0,18.0,2.0,22.0,28.0,50.0,60.0,Inner Half Belt-High,Outside Corner,Massive Square No Stride,"Bomber,Crowd Pleaser,Trash Talker,Insecure,Pull Hitter",Pull Only - refuses oppo,Best trash talker of all time,146,303,287,15,58,5,0.0,11,26,15,94,0,0,0.2,0.241,0.327,0.569,-1.0,0,0,0.0,0.0,0,65,0.0,0,0,0,0,0,0,0,0,0,0,219,21,11.0,0.958,15.0,,,Solid 22-HR farewell-prep year.,76-86,Rebuild — final season for several core veterans,,,,,,,,,,,,,,,,,,,,,
P011,18,2043,Keaton,My Bigness,Red Sox,1B,3B/DH,R,R,39,6'4,270,84,87,57,68,69,92,62,52,62,50,27,6,90,92,18,9,13,58,62,85,62,75,80.0,18.0,2.0,22.0,28.0,50.0,60.0,Inner Half Belt-High,Outside Corner,Massive Square No Stride,"Bomber,Crowd Pleaser,Trash Talker,Insecure,Pull Hitter",Pull Only - refuses oppo,Best trash talker of all time,153,289,272,17,51,8,0.0,8,25,17,94,0,0,0.188,0.235,0.312,0.548,-0.8,0,0,0.0,0.0,0,68,0.0,0,0,0,0,0,0,0,0,0,0,187,17,8.0,0.96,17.0,Retired;Final Season,,Final season — retired with 327 career HR and the most enemies on opposing benches.,72-90,Farewell year for the championship core — all 11 originals retired together,,,,,,,,,,,,,,,,,,,,,
